date,DJI.Adjusted,MMM.Adjusted,AAPL.Adjusted,AXP.Adjusted,BA.Adjusted,CAT.Adjusted,CVX.Adjusted,CSCO.Adjusted,KO.Adjusted,XOM.Adjusted,GE.Adjusted,GS.Adjusted,HD.Adjusted,INTC.Adjusted,IBM.Adjusted,JNJ.Adjusted,JPM.Adjusted,MCD.Adjusted,MRK.Adjusted,MSFT.Adjusted,NKE.Adjusted,PFE.Adjusted,PG.Adjusted,TRV.Adjusted,UNH.Adjusted,UTX.Adjusted,VZ.Adjusted,V.Adjusted,WMT.Adjusted,DIS.Adjusted,DWDP.Adjusted,DJI_call.vol,DJI_put.vol,DJI_call.strike,DJI_put.strike,MMM_call.vol,MMM_put.vol,MMM_call.strike,MMM_put.strike,AAPL_call.vol,AAPL_put.vol,AAPL_call.strike,AAPL_put.strike,AXP_call.vol,AXP_put.vol,AXP_call.strike,AXP_put.strike,BA_call.vol,BA_put.vol,BA_call.strike,BA_put.strike,CAT_call.vol,CAT_put.vol,CAT_call.strike,CAT_put.strike,CVX_call.vol,CVX_put.vol,CVX_call.strike,CVX_put.strike,CSCO_call.vol,CSCO_put.vol,CSCO_call.strike,CSCO_put.strike,KO_call.vol,KO_put.vol,KO_call.strike,KO_put.strike,XOM_call.vol,XOM_put.vol,XOM_call.strike,XOM_put.strike,GE_call.vol,GE_put.vol,GE_call.strike,GE_put.strike,GS_call.vol,GS_put.vol,GS_call.strike,GS_put.strike,HD_call.vol,HD_put.vol,HD_call.strike,HD_put.strike,INTC_call.vol,INTC_put.vol,INTC_call.strike,INTC_put.strike,IBM_call.vol,IBM_put.vol,IBM_call.strike,IBM_put.strike,JNJ_call.vol,JNJ_put.vol,JNJ_call.strike,JNJ_put.strike,JPM_call.vol,JPM_put.vol,JPM_call.strike,JPM_put.strike,MCD_call.vol,MCD_put.vol,MCD_call.strike,MCD_put.strike,MRK_call.vol,MRK_put.vol,MRK_call.strike,MRK_put.strike,MSFT_call.vol,MSFT_put.vol,MSFT_call.strike,MSFT_put.strike,NKE_call.vol,NKE_put.vol,NKE_call.strike,NKE_put.strike,PFE_call.vol,PFE_put.vol,PFE_call.strike,PFE_put.strike,PG_call.vol,PG_put.vol,PG_call.strike,PG_put.strike,TRV_call.vol,TRV_put.vol,TRV_call.strike,TRV_put.strike,UNH_call.vol,UNH_put.vol,UNH_call.strike,UNH_put.strike,UTX_call.vol,UTX_put.vol,UTX_call.strike,UTX_put.strike,VZ_call.vol,VZ_put.vol,VZ_call.strike,VZ_put.strike,V_call.vol,V_put.vol,V_call.strike,V_put.strike,WMT_call.vol,WMT_put.vol,WMT_call.strike,WMT_put.strike,DIS_call.vol,DIS_put.vol,DIS_call.strike,DIS_put.strike,DWDP_call.vol,DWDP_put.vol,DWDP_call.strike,DWDP_put.strike
2017-09-15,222.6830078,205.37351999999998,156.28071599999998,84.763611,241.68710299999998,116.550224,108.25988000000001,30.778719,43.89006,75.342285,22.011892,220.57308999999998,152.97966,35.65316,135.601852,129.245621,87.659355,151.17468300000002,63.221996,73.345314,52.955666,33.538277,88.100761,116.614815,194.143982,109.28803300000001,44.227833000000004,104.236092,77.68675999999999,96.208168,45.198315,0.09365,0.089964,223,223,0.144231,0.15021199999999998,210,210,0.233443,0.227677,155,155,0.15408,0.15408,90,90,0.23472,0.23472,245,245,0.21555700000000005,0.217551,115,115,0.15696300000000002,0.165142,110,110,0.18483,0.192173,31,31,0.124497,0.124497,44,44,0.155495,0.155495,75,75,0.205357,0.189107,22,22,0.19881,0.19881,235,235,0.188082,0.188082,150,150,0.182664,0.190532,36,36,0.195294,0.195294,135,135,0.147306,0.147306,130,130,0.184361,0.193092,87,87,0.163499,0.155747,150,150,0.178724,0.179133,62,62,0.19068,0.191044,72,72,0.203617,0.203617,52,52,0.148669,0.156803,34,34,0.137242,0.150321,87,87,0.15531199999999998,0.15531199999999998,130,130,0.168211,0.169479,195,195,0.188864,0.188864,115,115,0.177044,0.187803,44,44,0.173337,0.17560599999999998,105,105,0.176483,0.184223,77,77,0.189161,0.200043,95,95,0.385845,0.429625,45,45
2017-09-18,223.3130078,205.76818799999998,155.097946,85.621094,245.64726299999998,118.912529,108.78876499999998,30.854628,43.823536,75.361099,22.499407,222.835434,152.409836,35.65316,135.34903,130.13961799999998,88.903152,150.943451,63.059536,73.19923399999999,52.591949,33.718486999999996,87.987442,116.634148,194.153793,108.98843400000001,44.440376,103.770844,77.31948100000001,95.798035,45.140076,0.093176,0.08935499999999999,223,223,0.14896700000000002,0.148052,210,210,0.232825,0.230692,155,155,0.15408,0.15408,90,90,0.23472,0.221184,245,245,0.209791,0.211193,120,120,0.161563,0.165942,110,110,0.19288,0.189099,31,31,0.124497,0.124503,44,44,0.155495,0.159872,75,75,0.223268,0.19467,22,22,0.19881,0.19881,235,235,0.188082,0.187671,150,150,0.185734,0.181226,36,36,0.195294,0.189773,135,135,0.147306,0.145717,130,130,0.180073,0.182942,90,90,0.168963,0.157316,150,150,0.172584,0.17489100000000002,62,62,0.189372,0.1929,72,72,0.203617,0.203617,52,52,0.151005,0.156617,34,34,0.145875,0.14966,87,87,0.15531199999999998,0.15531199999999998,130,130,0.167078,0.172873,195,195,0.188864,0.188864,115,115,0.17741700000000002,0.185035,44,44,0.176513,0.173535,105,105,0.184561,0.18242,77,77,0.181677,0.203171,95,95,0.450208,0.450208,45,45
2017-09-19,223.70800780000002,205.575668,155.156601,86.72216800000001,245.04548599999998,119.78639199999999,109.87485500000001,30.826165999999997,43.699978,75.48342099999999,22.26025,224.186966,152.264969,35.874783,135.19923400000002,129.985825,89.879059,151.666,63.021317,73.47193100000001,52.424839,33.623638,88.950897,116.49888600000001,190.685898,109.838921,45.595512,104.344978,77.367813,96.120285,45.321232,0.090085,0.08590199999999999,224,224,0.14605,0.148679,210,210,0.22803,0.228555,155,155,0.15408,0.15408,90,90,0.23432,0.222738,245,245,0.210633,0.214758,120,120,0.163195,0.168796,110,110,0.187257,0.190241,31,31,0.118001,0.124218,44,44,0.148714,0.156899,75,75,0.241025,0.204406,22,22,0.19881,0.19881,235,235,0.18668,0.184354,150,150,0.180567,0.184428,36,36,0.19802,0.18559,135,135,0.145592,0.143985,130,130,0.191449,0.189786,90,90,0.160495,0.16124000000000002,150,150,0.169186,0.176255,62,62,0.191107,0.195773,72,72,0.203617,0.203617,52,52,0.155141,0.15243199999999998,34,34,0.137392,0.138744,90,90,0.15531199999999998,0.15531199999999998,130,130,0.176922,0.182362,190,190,0.188864,0.188864,115,115,0.16330699999999998,0.17809,46,46,0.175986,0.17197,105,105,0.18341,0.182908,77,77,0.193105,0.201795,95,95,0.409328,0.409328,45,45
2017-09-20,224.1259961,202.639709,152.556503,86.166763,247.957382,119.89201399999999,109.90319099999999,30.930528999999996,43.509888000000004,75.793953,22.370632,225.048782,153.250076,35.720612,136.594391,128.063232,90.510513,154.026321,62.86843100000001,72.98496999999999,52.650932,34.135822,89.168152,117.78386699999999,191.763489,110.273827,45.724888,103.90941600000001,77.80274200000001,96.88198100000001,45.554146,0.090396,0.088737,224,224,0.158788,0.168348,200,200,0.235779,0.232679,155,155,0.15408,0.15408,90,90,0.223452,0.218299,250,250,0.217876,0.219942,120,120,0.162718,0.170453,110,110,0.193733,0.193845,31,31,0.114266,0.12596400000000002,44,44,0.14852200000000002,0.160128,75,75,0.23740300000000006,0.219205,22,22,0.19881,0.19881,235,235,0.183611,0.179228,155,155,0.186064,0.188613,36,36,0.1952,0.193724,135,135,0.14385599999999998,0.14766700000000002,130,130,0.191313,0.191307,90,90,0.14870999999999998,0.15420699999999998,155,155,0.170025,0.17738900000000002,62,62,0.201788,0.201504,72,72,0.203617,0.203617,52,52,0.16863699999999998,0.16353199999999998,34,34,0.14019700000000002,0.144602,90,90,0.15531199999999998,0.15531199999999998,130,130,0.18322,0.185652,190,190,0.188864,0.188864,115,115,0.186299,0.187749,46,46,0.176309,0.175062,105,105,0.187978,0.184988,77,77,0.182561,0.20587600000000006,97,97,0.415642,0.415642,45,45
2017-09-21,223.5919922,202.572327,149.93682900000002,86.157013,248.520355,119.83441200000001,109.997635,31.025408000000002,43.148739,75.172913,22.766165,226.51785299999997,153.74263,35.845879,136.01387,126.650139,90.921944,153.207428,62.686863,72.274002,52.287209000000004,34.116856,87.50569200000001,117.37808999999999,191.234497,110.660416,45.225864,104.245979,77.329155,96.569489,45.495922,0.090382,0.086965,224,224,0.157403,0.165671,200,200,0.239062,0.234634,150,150,0.15408,0.15408,90,90,0.223116,0.217612,250,250,0.211895,0.217959,120,120,0.157049,0.16808299999999998,110,110,0.190897,0.191138,31,31,0.125449,0.13555599999999998,43,43,0.14029,0.151948,75,75,0.218353,0.200986,23,23,0.19881,0.19881,235,235,0.178713,0.17486400000000002,155,155,0.182307,0.184115,36,36,0.196063,0.187964,135,135,0.152056,0.152897,125,125,0.188652,0.185549,90,90,0.148526,0.151343,155,155,0.173267,0.174271,62,62,0.191456,0.191879,72,72,0.203617,0.203617,52,52,0.160394,0.159843,34,34,0.145754,0.151042,87,87,0.15531199999999998,0.15531199999999998,130,130,0.179463,0.182533,190,190,0.188864,0.188864,115,115,0.176741,0.194738,45,45,0.17469,0.174035,105,105,0.176927,0.182546,77,77,0.175227,0.198632,97,97,0.411239,0.411239,45,45
2017-09-22,223.4959961,202.880356,148.470596,86.137535,248.91832000000002,119.488708,110.77206399999999,31.661096999999998,43.234276,75.201141,22.876549,226.26319900000001,154.495941,35.826603000000006,135.89213600000002,126.30407,90.730576,153.091827,62.237728000000004,72.468796,52.336369,34.107365,87.127861,117.909477,189.098892,111.15332,46.113014,104.493462,76.865234,96.286301,45.263011999999996,0.094909,0.090136,223,223,0.164416,0.166346,200,200,0.237194,0.236502,150,150,0.15408,0.15408,90,90,0.22373,0.216431,250,250,0.21398000000000006,0.213411,120,120,0.172565,0.171177,110,110,0.188483,0.187908,32,32,0.127626,0.132873,43,43,0.159215,0.149672,75,75,0.219727,0.20692800000000006,23,23,0.19881,0.19881,235,235,0.17638800000000002,0.173415,155,155,0.183926,0.183274,36,36,0.19128,0.187359,135,135,0.158799,0.148248,125,125,0.191284,0.186605,90,90,0.146883,0.150071,155,155,0.170977,0.168752,62,62,0.190693,0.190562,72,72,0.203617,0.203617,52,52,0.164704,0.158401,34,34,0.147279,0.149768,87,87,0.15531199999999998,0.15531199999999998,130,130,0.186499,0.182036,190,190,0.188864,0.188864,115,115,0.200212,0.191347,46,46,0.175292,0.173211,105,105,0.180815,0.178508,77,77,0.184332,0.208011,97,97,0.409674,0.409674,45,45
2017-09-25,222.96099610000002,202.85148600000002,147.160751,85.952393,246.85087599999997,119.38306399999999,111.433167,31.993171999999998,43.424355,76.19854699999999,23.097307,225.509079,155.58725,35.807334999999995,136.58500700000002,126.092575,90.051285,150.538834,62.285515000000004,71.34878499999999,52.326527,33.68055,87.581261,118.518143,187.844955,110.457451,46.113014,101.97910300000001,76.497978,97.233536,45.508854,0.093824,0.092149,223,223,0.169391,0.169432,200,200,0.255423,0.252663,145,145,0.15408,0.15408,90,90,0.23435100000000006,0.230638,245,245,0.216118,0.217579,120,120,0.17532,0.17839000000000002,110,110,0.196793,0.196321,32,32,0.141597,0.137479,43,43,0.15973099999999998,0.16196300000000002,75,75,0.226737,0.216548,23,23,0.19881,0.19881,235,235,0.188507,0.177926,155,155,0.186708,0.188358,36,36,0.198545,0.195903,135,135,0.153369,0.15253699999999998,125,125,0.18752,0.188072,90,90,0.164117,0.162377,150,150,0.168994,0.174449,62,62,0.192023,0.194925,72,72,0.203617,0.203617,52,52,0.158689,0.158994,34,34,0.148322,0.152361,87,87,0.15531199999999998,0.15531199999999998,130,130,0.185019,0.187802,190,190,0.188864,0.188864,115,115,0.192076,0.196202,46,46,0.189079,0.188319,100,100,0.18568,0.188907,77,77,0.191748,0.210161,97,97,0.42135600000000006,0.42135600000000006,45,45
2017-09-26,222.8430078,203.140244,149.692444,86.420105,246.249069,119.56553600000001,110.989273,32.031124,43.310303000000005,76.113876,22.931734,225.195709,155.74179099999998,36.106056,137.23111,125.87149,89.649429,147.73538200000002,61.884167000000005,71.34878499999999,52.788555,33.481365000000004,87.51514399999999,118.42153200000001,188.77560400000002,110.87303899999999,45.752609,101.89993299999999,76.729927,96.31559,44.868342999999996,0.093307,0.09192,223,223,0.170227,0.169489,200,200,0.250923,0.243139,150,150,0.15408,0.15408,90,90,0.229035,0.226395,245,245,0.217688,0.216213,120,120,0.164786,0.174964,110,110,0.199779,0.197786,32,32,0.132484,0.135188,43,43,0.161491,0.162873,75,75,0.234277,0.205174,23,23,0.19881,0.19881,235,235,0.181128,0.18198,155,155,0.192024,0.195407,36,36,0.214364,0.199214,135,135,0.150478,0.151419,125,125,0.189798,0.190345,90,90,0.167073,0.1657,150,150,0.171978,0.169495,62,62,0.196307,0.19087,72,72,0.203617,0.203617,52,52,0.177346,0.170234,33,33,0.15251199999999998,0.153222,87,87,0.15531199999999998,0.15531199999999998,130,130,0.186016,0.188585,190,190,0.188864,0.188864,115,115,0.191825,0.191643,46,46,0.190496,0.187855,100,100,0.18751,0.185434,77,77,0.180057,0.203831,97,97,0.41270500000000004,0.41270500000000004,45,45
2017-09-27,223.4069922,201.648209,150.757935,87.19963100000001,247.782654,119.575127,110.92316399999999,31.765466999999997,42.426426,76.62198599999999,22.416622,229.91624500000003,155.413406,36.1735,136.388397,124.727554,91.065453,148.409775,61.702602,71.92340899999999,51.776035,33.623638,85.833794,118.440849,190.529144,113.250542,45.752609,102.840324,76.63327,96.911278,44.512501,0.09307,0.092306,223,223,0.161439,0.16653900000000002,200,200,0.243966,0.240412,150,150,0.15408,0.15408,90,90,0.219823,0.216318,250,250,0.211821,0.212767,120,120,0.153937,0.171319,110,110,0.195919,0.190771,32,32,0.128057,0.14322,42,42,0.133464,0.146519,77,77,0.256127,0.234772,22,22,0.19881,0.19881,235,235,0.184067,0.178425,155,155,0.182157,0.189035,36,36,0.204942,0.196491,135,135,0.14438,0.14909,125,125,0.196287,0.193811,90,90,0.164904,0.162677,150,150,0.166829,0.168738,62,62,0.191655,0.185294,72,72,0.203617,0.203617,52,52,0.161315,0.157712,34,34,0.14060599999999998,0.159163,85,85,0.15531199999999998,0.15531199999999998,130,130,0.184905,0.187494,190,190,0.188864,0.188864,115,115,0.186463,0.184629,46,46,0.181517,0.171748,105,105,0.18248,0.181628,77,77,0.173331,0.197224,97,97,0.599394,0.408903,45,45
2017-09-28,223.8119922,201.715607,149.82931499999998,87.832993,246.802338,120.25693500000001,111.083725,31.642121999999997,42.683040999999996,77.337112,22.297041,230.61161800000002,156.804123,36.452953,136.388397,124.458389,91.25679000000001,151.723816,61.435036,71.942886,51.736713,33.765907,85.852684,118.643753,192.106369,111.955467,45.660198,103.523354,76.30465699999999,95.749207,44.680721000000005,0.088226,0.090539,224,224,0.163408,0.165303,200,200,0.242163,0.24177,150,150,0.15408,0.15408,90,90,0.222945,0.221732,245,245,0.20620700000000006,0.209019,120,120,0.149827,0.172755,110,110,0.187993,0.19427,32,32,0.121127,0.13678900000000002,43,43,0.147384,0.154841,77,77,0.232092,0.22987,22,22,0.19881,0.19881,235,235,0.17962999999999998,0.180607,155,155,0.18969,0.189905,36,36,0.19849,0.194303,135,135,0.142708,0.149634,125,125,0.175887,0.180885,92,92,0.16955499999999998,0.1677,150,150,0.163019,0.167932,62,62,0.190428,0.192286,72,72,0.203617,0.203617,52,52,0.153408,0.158449,34,34,0.139989,0.152831,85,85,0.15531199999999998,0.15531199999999998,130,130,0.188458,0.187476,190,190,0.188864,0.188864,115,115,0.175744,0.183213,46,46,0.174376,0.174381,105,105,0.16823,0.185328,77,77,0.17652,0.199646,95,95,0.408136,0.408136,45,45
2017-09-29,224.05099610000002,202.052505,150.650375,88.144806,246.74409500000002,119.757576,110.97039,31.907787,42.778076,77.139511,22.241856,232.296127,157.963074,36.693851,135.845322,124.97748600000001,91.381187,150.943451,61.186581000000004,72.546715,50.969952,33.860764,85.937706,118.37321499999999,191.86145,112.187431,45.734131,104.176689,75.521812,96.25700400000001,44.79071,0.08652699999999999,0.092365,224,224,0.154399,0.167708,200,200,0.233152,0.232485,150,150,0.15408,0.15408,90,90,0.215875,0.217378,245,245,0.199382,0.207983,120,120,0.153813,0.168953,110,110,0.190514,0.193234,32,32,0.119635,0.136961,43,43,0.146617,0.14844200000000002,77,77,0.224765,0.215462,22,22,0.19881,0.19881,235,235,0.170793,0.17261300000000002,160,160,0.178199,0.180328,37,37,0.191392,0.190609,135,135,0.136701,0.14901199999999998,125,125,0.17343,0.180505,92,92,0.155588,0.167638,150,150,0.17331400000000002,0.179947,60,60,0.18873,0.190387,72,72,0.203617,0.203617,52,52,0.14971099999999998,0.158039,34,34,0.14501,0.151071,85,85,0.15531199999999998,0.15531199999999998,130,130,0.178741,0.186745,190,190,0.188864,0.188864,115,115,0.17990699999999998,0.180851,46,46,0.169458,0.17255299999999998,105,105,0.178834,0.186189,75,75,0.173124,0.202411,97,97,0.4057,0.4057,45,45
2017-10-02,225.57599610000003,204.805573,150.347382,88.222755,248.471817,119.76718100000001,110.90428899999999,32.021640999999995,42.578491,76.81017299999999,22.600592000000002,235.684708,158.407333,37.618904,137.32475300000002,126.140656,92.65369399999999,151.213226,61.683491000000004,72.66358199999999,50.989616,34.2117,86.68390699999999,119.146149,193.41906699999998,113.637123,45.613997999999995,104.374672,75.82141899999999,97.51673100000001,45.560619,0.082707,0.08771799999999999,226,226,0.15845399999999998,0.173291,200,200,0.244794,0.238995,150,150,0.15408,0.15408,90,90,0.208846,0.209825,250,250,0.202433,0.207733,120,120,0.164902,0.17155,110,110,0.194767,0.194943,32,32,0.12054,0.137251,43,43,0.144723,0.14888800000000002,77,77,0.219733,0.190305,23,23,0.19881,0.19881,235,235,0.175779,0.173234,160,160,0.19268,0.19718,38,38,0.217085,0.194693,135,135,0.139452,0.15100999999999998,125,125,0.17968399999999998,0.181922,92,92,0.169837,0.164701,150,150,0.164464,0.166246,62,62,0.188623,0.191216,72,72,0.203617,0.203617,52,52,0.16628099999999998,0.161216,34,34,0.144576,0.13918599999999998,87,87,0.15531199999999998,0.15531199999999998,130,130,0.17491700000000002,0.181811,195,195,0.188864,0.188864,115,115,0.183279,0.18157,46,46,0.178036,0.173557,105,105,0.191459,0.187747,75,75,0.178765,0.202376,97,97,0.43483299999999997,0.43483299999999997,45,45
2017-10-03,226.41699219999998,206.547913,151.002274,89.08998100000001,247.957382,120.52581799999999,111.272598,32.11652,42.949154,76.932487,22.812157,236.63470499999997,159.51799,37.946521999999995,137.437088,126.986603,93.14164699999999,151.116882,61.511486,72.322716,50.596405,34.278095,87.01451899999999,119.513275,194.584854,113.762772,46.066798999999996,104.523163,76.56562,98.424911,45.521801,0.084877,0.08791900000000001,226,226,0.149835,0.153699,210,210,0.242043,0.24186,150,150,0.15408,0.15408,90,90,0.203417,0.205237,250,250,0.208298,0.213762,120,120,0.17334000000000002,0.173735,110,110,0.189584,0.196744,32,32,0.128075,0.145874,43,43,0.144968,0.151741,77,77,0.230123,0.207327,23,23,0.19881,0.19881,235,235,0.175851,0.17332,160,160,0.192033,0.195262,38,38,0.239427,0.19755,135,135,0.154077,0.153016,125,125,0.18838,0.184626,92,92,0.166615,0.168008,150,150,0.160363,0.163302,62,62,0.196542,0.192656,72,72,0.203617,0.203617,52,52,0.16789600000000002,0.16128199999999998,34,34,0.141066,0.140957,87,87,0.15531199999999998,0.15531199999999998,130,130,0.183232,0.179901,195,195,0.188864,0.188864,115,115,0.172123,0.186555,46,46,0.177635,0.178347,105,105,0.188114,0.186799,77,77,0.180422,0.204377,97,97,0.41234,0.41234,45,45
2017-10-04,226.61599610000002,208.425018,150.024796,88.680717,248.248566,121.70697,111.045952,32.001675,43.243778000000006,76.960724,22.517809,235.35172999999998,159.633881,37.907978,137.156204,127.74601000000001,92.19445,151.454071,61.731262,72.741486,51.196053000000006,34.107365,87.297882,119.70652,196.397141,113.685455,46.113014,104.245979,76.43998,98.19054399999999,45.580028999999996,0.081727,0.085036,227,227,0.151145,0.157472,210,210,0.236809,0.23622,150,150,0.15408,0.15408,90,90,0.206275,0.207062,250,250,0.215246,0.219041,120,120,0.163833,0.17088299999999998,110,110,0.191556,0.192418,32,32,0.13385,0.141407,43,43,0.13968699999999998,0.151576,77,77,0.224815,0.20115,23,23,0.19881,0.19881,235,235,0.169172,0.174117,160,160,0.195799,0.196733,38,38,0.200292,0.194491,135,135,0.140376,0.142578,130,130,0.183264,0.185433,92,92,0.167431,0.166576,150,150,0.153411,0.16139,62,62,0.193565,0.194493,72,72,0.203617,0.203617,52,52,0.155218,0.160206,34,34,0.14185599999999998,0.14009100000000002,87,87,0.15531199999999998,0.15531199999999998,130,130,0.17890599999999998,0.183344,195,195,0.188864,0.188864,115,115,0.190245,0.190245,46,46,0.177717,0.177153,105,105,0.18693,0.185242,77,77,0.176374,0.202944,97,97,0.422558,0.416181,45,45
2017-10-05,227.7540039,208.280609,151.891785,89.169823,251.28668199999998,121.380478,111.990379,32.145226,43.262787,77.17714699999999,22.572996,240.98310899999998,160.435471,38.091064,137.38092,128.034409,93.43589,152.985825,61.731262,73.988106,51.294357,34.145309000000005,86.92950400000001,120.228241,193.86969,114.20733600000001,45.992878000000005,105.16658000000001,76.74925999999999,97.760864,45.916458,0.081786,0.085257,228,228,0.150185,0.15778399999999998,210,210,0.238642,0.236686,150,150,0.15408,0.15408,90,90,0.204321,0.208892,250,250,0.215593,0.221135,120,120,0.174157,0.174553,110,110,0.189961,0.191759,32,32,0.132206,0.137585,43,43,0.15495599999999998,0.150436,77,77,0.224371,0.199521,23,23,0.19881,0.19881,235,235,0.168549,0.173147,160,160,0.193158,0.199557,38,38,0.197767,0.194243,135,135,0.136276,0.139442,130,130,0.187966,0.190986,92,92,0.155289,0.156305,155,155,0.154613,0.160997,62,62,0.183491,0.184991,75,75,0.203617,0.203617,52,52,0.155635,0.161115,34,34,0.133419,0.13656300000000002,87,87,0.15531199999999998,0.15531199999999998,130,130,0.171475,0.180848,195,195,0.188864,0.188864,115,115,0.180375,0.183073,46,46,0.178005,0.180152,105,105,0.18608,0.185475,77,77,0.174309,0.202264,97,97,0.434345,0.434345,45,45
2017-10-06,227.73699219999997,208.425018,151.803818,89.5513,250.98571800000002,121.889435,110.52651200000001,32.298344,43.234276,76.885452,22.43502,240.943924,160.174713,38.187428000000004,137.156204,128.063232,93.272278,153.756577,61.683491000000004,74.017319,51.530277000000005,34.19273,87.212875,120.836906,194.026443,114.26534299999999,45.646858,105.651642,76.352997,97.721802,46.078209,0.083493,0.087813,228,228,0.152722,0.158128,210,210,0.233931,0.233072,150,150,0.15408,0.15408,90,90,0.217678,0.220245,250,250,0.21544,0.221417,120,120,0.162166,0.173717,110,110,0.192487,0.195267,32,32,0.12309,0.139301,43,43,0.143176,0.150062,77,77,0.232729,0.223488,22,22,0.19881,0.19881,235,235,0.172476,0.171786,160,160,0.196347,0.196438,38,38,0.234414,0.194188,135,135,0.135076,0.141101,130,130,0.185895,0.190517,92,92,0.150045,0.15858599999999998,155,155,0.154765,0.161915,62,62,0.183139,0.185325,75,75,0.203617,0.203617,52,52,0.16413699999999998,0.158148,34,34,0.134141,0.145136,87,87,0.15531199999999998,0.15531199999999998,130,130,0.178903,0.179582,195,195,0.188864,0.188864,115,115,0.189558,0.18222,46,46,0.184055,0.183955,105,105,0.180602,0.184229,77,77,0.181966,0.213128,97,97,0.39374699999999996,0.430725,45,45
2017-10-09,227.61099610000002,208.579025,152.331665,89.688248,250.801331,121.841408,111.168724,32.307911,43.158237,77.186554,21.551970999999998,237.790359,160.03951999999998,38.409054,138.008286,128.284332,92.781487,154.257507,61.473259,74.299751,50.645557000000004,34.278095,87.01451899999999,120.72097,192.302307,114.651924,45.871303999999995,105.92881000000001,77.831726,97.233536,46.375816,0.083617,0.087716,228,228,0.155293,0.159277,210,210,0.231951,0.228298,150,150,0.15408,0.15408,90,90,0.216031,0.209869,250,250,0.224472,0.228674,120,120,0.167012,0.17698599999999998,110,110,0.192183,0.196648,32,32,0.122849,0.139294,43,43,0.137103,0.152416,77,77,0.236033,0.219432,22,22,0.19881,0.19881,235,235,0.172007,0.171843,160,160,0.199224,0.20063,38,38,0.184217,0.181209,140,140,0.142267,0.135962,130,130,0.190261,0.194531,92,92,0.156828,0.157419,155,155,0.152092,0.160787,62,62,0.17869100000000002,0.176086,75,75,0.203617,0.203617,52,52,0.155122,0.16126300000000002,34,34,0.14208900000000002,0.150673,87,87,0.15531199999999998,0.15531199999999998,130,130,0.183859,0.189933,190,190,0.188864,0.188864,115,115,0.191689,0.183969,46,46,0.191591,0.186426,105,105,0.193781,0.197646,77,77,0.190794,0.220583,97,97,0.42254200000000003,0.42254200000000003,47,47
2017-10-10,228.30699219999997,208.646408,152.390305,89.883873,253.266724,123.09938799999999,112.198158,32.106945,43.595432,77.402977,21.487579,237.594498,159.50831599999998,38.206699,139.047607,128.716919,93.47438000000001,154.700699,61.59748100000001,74.299751,50.655384000000005,34.5247,86.542236,121.677475,190.715271,114.159019,45.955467,106.22577700000001,81.31109599999999,97.243309,46.304646000000005,0.08369299999999999,0.087406,228,228,0.154086,0.161088,210,210,0.234512,0.233886,150,150,0.15408,0.15408,90,90,0.206698,0.207441,255,255,0.212072,0.214974,125,125,0.187475,0.181052,110,110,0.196674,0.198486,32,32,0.130055,0.138321,44,44,0.150724,0.156331,77,77,0.263011,0.244628,21,21,0.19881,0.19881,235,235,0.176079,0.17188599999999998,160,160,0.198806,0.199732,38,38,0.193048,0.179291,140,140,0.15363800000000002,0.1542,130,130,0.191632,0.189509,92,92,0.15871400000000002,0.158976,155,155,0.155748,0.162346,62,62,0.180291,0.180501,75,75,0.203617,0.203617,52,52,0.153406,0.154867,35,35,0.138667,0.146835,87,87,0.15531199999999998,0.15531199999999998,130,130,0.182519,0.188064,190,190,0.188864,0.188864,115,115,0.193821,0.185598,46,46,0.186784,0.188292,105,105,0.17064300000000002,0.17018699999999998,82,82,0.185732,0.214041,97,97,0.40013699999999996,0.40013699999999996,47,47
2017-10-11,228.72900389999998,208.415375,153.02569599999998,89.952354,253.761749,123.49311100000001,112.69870800000001,32.145226,43.814021999999994,77.7229,21.220825,237.398621,159.595245,37.869438,138.223618,131.360458,93.195297,157.176575,60.947681,74.426353,50.163872,34.572124,86.39110600000001,121.358635,191.28346299999998,113.80143000000001,45.693615,107.344353,82.857506,96.237473,46.337002000000005,0.080321,0.084875,229,229,0.151827,0.161185,210,210,0.227961,0.221047,155,155,0.15408,0.15408,90,90,0.21125,0.209334,255,255,0.215162,0.21672,125,125,0.160874,0.160375,115,115,0.198883,0.196619,32,32,0.126558,0.13861600000000002,44,44,0.143862,0.15591,77,77,0.254423,0.244198,21,21,0.19881,0.19881,235,235,0.17449,0.168756,160,160,0.207268,0.206532,38,38,0.180196,0.183057,140,140,0.150072,0.148636,130,130,0.168003,0.187776,92,92,0.165604,0.162043,155,155,0.175778,0.17536400000000002,60,60,0.179646,0.17623699999999998,75,75,0.203617,0.203617,52,52,0.150497,0.15098599999999998,35,35,0.136277,0.146089,87,87,0.15531199999999998,0.15531199999999998,130,130,0.184243,0.183102,190,190,0.188864,0.188864,115,115,0.178612,0.187011,46,46,0.190963,0.191663,105,105,0.173102,0.182348,82,82,0.189014,0.220679,95,95,0.39324499999999996,0.39324499999999996,47,47
2017-10-12,228.41,209.455002,152.488052,89.609993,254.21794100000002,124.82791100000001,112.51926399999999,31.829424,43.823536,77.562943,21.202427,234.85227999999998,158.957825,37.763439,137.671188,131.533493,92.37728100000001,157.908752,60.995464,75.108101,49.96727,34.477276,87.042862,121.687126,188.991135,114.835548,45.216663,107.017693,83.215103,94.655487,46.19466,0.08315299999999999,0.085951,228,228,0.14953,0.159202,210,210,0.227307,0.225894,150,150,0.15408,0.15408,90,90,0.221408,0.206179,255,255,0.219548,0.220061,125,125,0.156796,0.16036,115,115,0.191922,0.192557,32,32,0.112054,0.140022,44,44,0.143032,0.15574200000000002,77,77,0.261817,0.236745,21,21,0.19881,0.19881,235,235,0.173255,0.166679,160,160,0.201849,0.203204,38,38,0.182701,0.181346,140,140,0.143045,0.147596,130,130,0.168141,0.17563399999999998,92,92,0.15739,0.156655,160,160,0.16401300000000002,0.17213,60,60,0.183431,0.180591,75,75,0.203617,0.203617,52,52,0.144884,0.163579,34,34,0.141726,0.14916300000000002,87,87,0.15531199999999998,0.15531199999999998,130,130,0.186062,0.186726,190,190,0.188864,0.188864,115,115,0.188743,0.199317,45,45,0.186262,0.186098,105,105,0.176977,0.180599,82,82,0.184245,0.219436,95,95,0.452312,0.452312,45,45
2017-10-13,228.7169922,209.580154,153.45576499999999,90.832695,253.082336,125.519318,112.538147,32.030388,43.89006,77.544113,21.138039000000003,233.60849,158.841949,38.225964000000005,137.736725,131.148972,92.252174,159.315292,60.575005000000004,75.46844499999999,50.114715999999994,34.467789,87.883522,122.38275900000001,188.59925800000002,114.738899,44.758423,107.562149,83.71769,95.094925,46.214073,0.07923200000000001,0.080974,229,229,0.150241,0.16050599999999998,210,210,0.218384,0.219224,155,155,0.15408,0.15408,90,90,0.211876,0.203401,255,255,0.216837,0.219767,125,125,0.15978,0.156782,115,115,0.191108,0.190436,32,32,0.125539,0.13859000000000002,44,44,0.159998,0.15269000000000002,77,77,0.269326,0.248886,21,21,0.19881,0.19881,235,235,0.172993,0.170201,160,160,0.201157,0.201632,38,38,0.191797,0.180959,140,140,0.149857,0.14966500000000002,130,130,0.169217,0.167533,92,92,0.16528199999999998,0.159027,160,160,0.181164,0.168193,60,60,0.180838,0.179222,75,75,0.203617,0.203617,52,52,0.159152,0.15921,34,34,0.147484,0.14832,87,87,0.15531199999999998,0.15531199999999998,130,130,0.187238,0.189087,190,190,0.188864,0.188864,115,115,0.208335,0.188429,45,45,0.17256400000000002,0.172153,110,110,0.188219,0.183556,82,82,0.188338,0.212873,95,95,0.683605,0.456201,45,45
2017-10-16,229.57,210.54275499999997,156.28071599999998,89.952354,252.12136800000002,126.24913799999999,113.45423899999999,32.097374,44.308243,77.92049399999999,21.487579,237.408417,158.600494,38.312691,137.483902,130.850967,94.157661,158.968491,60.527221999999995,75.624268,50.498096000000004,34.126331,87.97798900000001,124.460007,189.265411,115.019196,44.973518,107.20578,82.86715699999999,95.827324,45.890578999999995,0.076419,0.080822,230,230,0.15518800000000002,0.160137,210,210,0.230045,0.224249,155,155,0.15408,0.15408,90,90,0.231057,0.215515,250,250,0.215332,0.211557,125,125,0.162869,0.160695,115,115,0.195947,0.194514,32,32,0.12831800000000002,0.137007,44,44,0.157386,0.154644,77,77,0.275997,0.249345,21,21,0.19881,0.19881,235,235,0.17052,0.168129,160,160,0.208756,0.208634,38,38,0.201662,0.190337,135,135,0.122393,0.14014,130,130,0.168457,0.165766,95,95,0.156039,0.159317,160,160,0.170709,0.170019,60,60,0.185654,0.181431,75,75,0.203617,0.203617,52,52,0.160876,0.164115,34,34,0.14413800000000002,0.148851,87,87,0.15531199999999998,0.15531199999999998,130,130,0.191276,0.192982,190,190,0.188864,0.188864,115,115,0.189134,0.197428,45,45,0.188205,0.184176,105,105,0.180656,0.181824,82,82,0.191614,0.220415,95,95,0.417303,0.417303,45,45
2017-10-17,229.97400389999999,209.60900900000001,156.857437,89.688248,251.024567,125.35605600000001,113.53924599999999,32.154793,44.213196,78.061646,21.331204999999997,231.218811,157.760284,38.341602,137.212372,135.34021,93.94594599999999,159.344193,60.412556,75.565826,51.117409,34.334998999999996,87.65682199999999,124.295746,199.737717,115.357452,45.263428000000005,106.453461,83.099121,96.05193299999999,45.858230999999996,0.076873,0.082612,230,230,0.159548,0.158236,210,210,0.22642,0.224238,155,155,0.15408,0.15408,90,90,0.217465,0.215096,250,250,0.209391,0.209809,125,125,0.162683,0.159451,115,115,0.198966,0.193762,32,32,0.119257,0.138669,44,44,0.16305899999999998,0.15581199999999998,77,77,0.277279,0.26902600000000004,21,21,0.19881,0.19881,235,235,0.166325,0.167088,160,160,0.209963,0.205606,38,38,0.21048200000000006,0.199469,135,135,0.130037,0.13009400000000002,135,135,0.164718,0.16964200000000002,95,95,0.160744,0.161251,160,160,0.171875,0.17036500000000002,60,60,0.184251,0.18294,75,75,0.203617,0.203617,52,52,0.174074,0.161591,34,34,0.137829,0.145506,87,87,0.15531199999999998,0.15531199999999998,130,130,0.183334,0.171602,200,200,0.188864,0.188864,115,115,0.20981100000000005,0.199934,45,45,0.183753,0.182914,105,105,0.18012899999999998,0.180072,82,82,0.190923,0.215561,95,95,0.765047,0.46456499999999995,45,45
2017-10-18,231.57599610000003,210.109573,156.163422,90.069725,252.402847,126.07628600000001,111.584267,32.106945,44.099148,77.873451,21.266819,237.03625499999998,157.856842,38.784855,149.37553400000002,135.234467,94.302002,159.70065300000002,60.689671,75.585312,51.412315,33.984066,87.62849399999999,125.61938500000001,201.0504,115.183472,45.497227,106.710831,83.331085,95.944511,45.79353,0.08584800000000001,0.09165,230,230,0.153525,0.158451,210,210,0.224932,0.223998,155,155,0.15408,0.15408,90,90,0.21808400000000006,0.214866,250,250,0.208207,0.208448,125,125,0.169364,0.17516199999999998,110,110,0.18848,0.192433,32,32,0.133347,0.138355,44,44,0.156601,0.155543,77,77,0.292665,0.267954,21,21,0.19881,0.19881,235,235,0.17088699999999998,0.165737,160,160,0.203988,0.199547,39,39,0.17113399999999998,0.16516,150,150,0.11443,0.127869,135,135,0.16583299999999998,0.16556400000000002,95,95,0.158067,0.161454,160,160,0.172262,0.16978900000000002,60,60,0.187109,0.180499,75,75,0.203617,0.203617,52,52,0.16175,0.15654500000000002,34,34,0.145079,0.145079,87,87,0.15531199999999998,0.15531199999999998,130,130,0.168649,0.17113599999999998,200,200,0.188864,0.188864,115,115,0.187769,0.194737,45,45,0.181119,0.182585,105,105,0.179373,0.17743299999999998,82,82,0.181875,0.21232,95,95,0.467279,0.467279,45,45
2017-10-19,231.63,211.04332000000002,152.468521,89.893654,251.43225099999998,126.325943,111.63149299999999,32.298344,44.279732,77.85463,21.689949,235.03836099999998,157.65403700000002,38.630684,150.658325,136.54183999999998,94.417503,160.403931,60.919014000000004,75.877495,51.795696,34.372935999999996,87.161789,128.662766,199.110748,115.48308600000001,46.020931,105.938698,83.50505799999999,96.686684,45.8647,0.089197,0.093733,230,230,0.15191,0.160076,210,210,0.241241,0.240738,150,150,0.15408,0.15408,90,90,0.220406,0.223863,250,250,0.210902,0.209123,125,125,0.169022,0.172587,110,110,0.199455,0.194619,32,32,0.124435,0.139278,44,44,0.146866,0.1514,77,77,0.284641,0.248222,22,22,0.19881,0.19881,235,235,0.16766099999999998,0.161753,160,160,0.205787,0.203165,39,39,0.16401500000000002,0.162306,150,150,0.13717200000000002,0.131321,135,135,0.164863,0.164701,95,95,0.162499,0.163117,160,160,0.174508,0.17035899999999998,60,60,0.187882,0.185147,75,75,0.203617,0.203617,52,52,0.153551,0.159518,34,34,0.149713,0.148205,87,87,0.15531199999999998,0.15531199999999998,130,130,0.167775,0.162166,200,200,0.188864,0.188864,115,115,0.17461500000000002,0.181132,46,46,0.180702,0.178207,105,105,0.173043,0.17693,82,82,0.181677,0.212463,97,97,0.758529,0.472699,45,45
2017-10-20,233.2859961,213.045563,152.73242199999999,90.079521,256.97454799999997,126.895905,112.04704299999999,32.776835999999996,44.080139,78.202797,21.919907000000002,239.680542,157.837509,38.958302,151.75384499999998,136.887909,95.764809,160.21125800000002,61.043240000000004,76.754005,52.159416,34.543663,83.983284,128.807693,203.26442,116.874779,46.320194,106.463348,84.510201,97.067528,46.052326,0.07754,0.087357,235,235,0.152849,0.16815,210,210,0.231287,0.235753,155,155,0.15408,0.15408,90,90,0.221119,0.222558,255,255,0.204703,0.215435,125,125,0.150204,0.17161600000000002,110,110,0.186418,0.188837,33,33,0.120038,0.141785,44,44,0.152765,0.152765,77,77,0.249189,0.251629,22,22,0.19881,0.19881,235,235,0.154933,0.16075,160,160,0.189024,0.195348,39,39,0.149409,0.157775,150,150,0.112039,0.135424,135,135,0.162466,0.169141,95,95,0.155365,0.162382,160,160,0.166469,0.171062,60,60,0.17237,0.180207,77,77,0.203617,0.203617,52,52,0.140501,0.150827,35,35,0.11967,0.127095,85,85,0.15531199999999998,0.15531199999999998,130,130,0.156879,0.171975,200,200,0.188864,0.188864,115,115,0.156367,0.178401,46,46,0.184929,0.176175,105,105,0.16681700000000002,0.17354,85,85,0.172032,0.21049,97,97,0.46826999999999996,0.46826999999999996,45,45
2017-10-23,232.74,213.266937,152.654221,90.363174,254.61593599999998,127.205009,112.320923,32.87254,44.023121,78.325119,20.530943,237.134186,159.102707,39.343742,149.394272,138.060654,95.601212,157.35961899999998,60.584557,76.773491,52.749233,34.5247,83.079216,129.899429,202.794174,116.83613600000001,45.815193,106.44355,85.67965699999999,96.383949,46.291714,0.085884,0.086201,235,235,0.194731,0.170579,210,210,0.240208,0.239402,155,155,0.15408,0.153667,90,90,0.2288,0.22169,255,255,0.232023,0.23436,125,125,0.191668,0.175867,110,110,0.189343,0.194573,33,33,0.148775,0.14105299999999998,44,44,0.190057,0.1551,77,77,0.25669200000000003,0.240555,21,21,0.19881,0.195188,235,235,0.17068599999999998,0.16275,160,160,0.207976,0.21145300000000006,39,39,0.16305999999999998,0.152977,150,150,0.131193,0.121771,140,140,0.1706,0.17116199999999998,95,95,0.181856,0.175076,155,155,0.191171,0.168157,60,60,0.194254,0.195128,77,77,0.203617,0.188477,52,52,0.164543,0.153604,35,35,0.14031400000000002,0.138768,82,82,0.15531199999999998,0.145539,130,130,0.16685899999999998,0.168757,200,200,0.188864,0.177494,115,115,0.189741,0.175478,46,46,0.189819,0.181364,105,105,0.179453,0.178699,85,85,0.181158,0.21197800000000006,97,97,0.445722,0.445722,47,47
2017-10-24,234.41800780000003,225.87718199999998,153.563309,91.810875,258.18786600000004,133.542099,112.604256,33.092648,43.89006,78.541534,20.135407999999998,239.78826899999999,160.34854099999998,39.459381,145.95786999999999,136.157303,97.121735,157.879852,60.30743399999999,76.802704,52.51330600000001,34.401394,82.774689,128.682083,203.910965,115.724701,45.768425,107.31466699999999,85.03211999999999,95.983566,46.492278999999996,0.094967,0.101014,235,235,0.150553,0.157626,230,230,0.234393,0.237992,155,155,0.154499,0.148148,92,92,0.22960500000000006,0.216848,260,260,0.188709,0.199532,135,135,0.15951300000000002,0.161728,115,115,0.192144,0.198711,33,33,0.133312,0.140707,44,44,0.140663,0.159563,77,77,0.29095,0.25610700000000003,20,20,0.196239,0.195071,240,240,0.169716,0.172037,160,160,0.217612,0.210368,39,39,0.166179,0.166179,145,145,0.135284,0.134846,135,135,0.17297300000000002,0.174677,97,97,0.163429,0.15904100000000002,160,160,0.171571,0.173277,60,60,0.191051,0.194081,77,77,0.200143,0.198806,52,52,0.16552,0.16677899999999998,34,34,0.142035,0.1402,82,82,0.142288,0.143007,130,130,0.16716,0.171255,200,200,0.16576,0.160425,115,115,0.19512,0.191386,46,46,0.192818,0.192114,105,105,0.176046,0.175783,85,85,0.17918399999999998,0.209191,95,95,0.453999,0.453999,47,47
2017-10-25,233.295,228.7939,152.88884,91.48806,250.830444,132.189682,111.85816200000001,32.824688,43.766506,78.25923900000001,19.776669000000002,236.72285499999998,160.38720700000002,39.295563,143.72933999999998,136.84944199999998,97.217972,157.59085100000001,59.676743,76.57869000000001,54.007511,34.297062,82.660492,127.31978600000001,203.332977,114.99983999999999,45.487873,108.383751,85.51535799999999,95.505081,45.994099,0.092104,0.096831,235,235,0.159436,0.165104,230,230,0.237248,0.235613,155,155,0.156997,0.153358,92,92,0.191419,0.202508,250,250,0.21085,0.207345,130,130,0.180186,0.183845,110,110,0.200675,0.200783,33,33,0.13498800000000002,0.127221,44,44,0.157324,0.162472,77,77,0.254907,0.228134,20,20,0.206377,0.202781,235,235,0.180569,0.169223,160,160,0.217734,0.217366,39,39,0.186036,0.167568,145,145,0.150794,0.143321,135,135,0.184911,0.178121,97,97,0.15551099999999998,0.15395699999999998,160,160,0.175928,0.176433,60,60,0.204891,0.197491,77,77,0.191557,0.194485,55,55,0.205991,0.168438,34,34,0.140695,0.143119,82,82,0.158512,0.159261,125,125,0.174893,0.172587,200,200,0.164849,0.160162,115,115,0.204763,0.198196,45,45,0.167515,0.157827,110,110,0.185778,0.178633,85,85,0.184455,0.216173,95,95,0.580488,0.489361,45,45
2017-10-26,234.00900389999998,224.23111,153.866302,93.600922,251.65545699999998,132.28627,111.85816200000001,32.795971,43.93758,78.541534,19.611095000000002,236.73266600000002,161.913116,39.844809999999995,143.82299799999998,136.320724,97.910881,158.00511200000003,59.237179000000005,76.705315,55.845772,33.898701,83.269547,127.47440300000001,204.890579,115.908325,45.721672,108.69062,85.650665,96.247231,47.262192,0.100946,0.103435,235,235,0.170435,0.178478,220,220,0.241382,0.236275,155,155,0.16056199999999998,0.16542,92,92,0.207133,0.195719,250,250,0.20498400000000006,0.196098,130,130,0.183915,0.186089,110,110,0.206671,0.200722,33,33,0.133191,0.121117,44,44,0.169599,0.161829,77,77,0.271828,0.253445,20,20,0.20755,0.203301,235,235,0.1834,0.17548699999999998,160,160,0.221728,0.214392,40,40,0.187927,0.162889,145,145,0.154042,0.144267,135,135,0.188737,0.182959,97,97,0.151799,0.144182,160,160,0.179249,0.173522,60,60,0.206175,0.194512,77,77,0.205689,0.207756,55,55,0.17488900000000002,0.16785999999999998,34,34,0.15982000000000002,0.146493,82,82,0.17446099999999998,0.159333,125,125,0.16462000000000002,0.174504,200,200,0.170103,0.16658399999999998,115,115,0.181591,0.182432,46,46,0.160471,0.151805,110,110,0.199374,0.186645,85,85,0.18561,0.209826,95,95,0.565696,0.47853900000000005,47,47
2017-10-27,234.3419922,225.963837,159.37936399999998,93.69873,248.92799399999998,133.126694,107.230461,32.949096999999995,43.785515000000004,78.76735699999999,19.123581,236.72285499999998,161.613708,42.783798,143.897888,136.291901,97.939751,159.334564,55.653709,81.623573,55.01019300000001,33.765907,82.831779,126.62418400000001,208.270355,115.077164,45.702961,108.601524,85.215744,96.003098,46.932224,0.085951,0.099568,235,235,0.139972,0.148498,230,230,0.247075,0.248231,160,160,0.164683,0.16500399999999998,92,92,0.178878,0.19169,250,250,0.196307,0.195792,135,135,0.187143,0.187143,105,105,0.211263,0.21325500000000006,33,33,0.101184,0.126157,44,44,0.144315,0.144315,80,80,0.284736,0.27229200000000003,19,19,0.198404,0.208241,235,235,0.176431,0.181441,160,160,0.196882,0.194622,43,43,0.164723,0.165176,145,145,0.13646,0.14807,135,135,0.169443,0.185803,97,97,0.14765699999999998,0.152783,160,160,0.125454,0.177706,55,55,0.150824,0.145677,82,82,0.205708,0.202594,55,55,0.146246,0.165976,34,34,0.136421,0.15220799999999998,82,82,0.162526,0.156973,125,125,0.155212,0.15978,210,210,0.167783,0.161827,115,115,0.17618,0.17672000000000002,46,46,0.15253699999999998,0.151945,110,110,0.187993,0.190473,85,85,0.179867,0.212608,95,95,0.487288,0.487288,47,47
2017-10-30,233.48699219999997,222.382904,162.966751,92.994446,251.636108,131.85159299999998,108.03321799999999,32.575871,43.585926,78.607399,18.774038,235.919769,159.653198,42.754883,144.53462199999998,134.580795,97.5933,160.143814,52.28046,81.70146899999999,54.331905000000006,33.3391,82.09899899999999,128.131363,205.12571699999998,115.81168400000001,44.730366,108.9282,84.036613,95.739441,46.375816,0.093997,0.097002,235,235,0.1798,0.17215899999999998,220,220,0.264308,0.253886,165,165,0.16985799999999998,0.16628099999999998,92,92,0.210173,0.194241,250,250,0.21095100000000006,0.20201,130,130,0.172524,0.160433,110,110,0.227675,0.22524,33,33,0.127261,0.122993,44,44,0.187362,0.15783599999999998,77,77,0.322934,0.26975,19,19,0.206833,0.205466,235,235,0.189558,0.178812,160,160,0.191046,0.199698,43,43,0.197357,0.167524,145,145,0.15113,0.151162,135,135,0.188651,0.184102,97,97,0.161536,0.154828,160,160,0.200133,0.197131,52,52,0.16105999999999998,0.160732,82,82,0.208296,0.206757,55,55,0.210046,0.201972,33,33,0.160708,0.150368,82,82,0.152848,0.147024,130,130,0.162482,0.157427,210,210,0.182926,0.166729,115,115,0.176975,0.192755,45,45,0.167079,0.153906,110,110,0.203361,0.201745,85,85,0.200002,0.217552,95,95,0.47998900000000005,0.47998900000000005,47,47
2017-10-31,233.77199219999997,221.58393900000002,165.23451200000002,93.434616,250.403381,131.185013,109.44986000000002,32.681141,43.699978,78.428612,18.544075,237.47699,160.107117,43.834114,144.25370800000002,134.013611,96.82341,160.798935,52.643589,81.01001,54.056664000000005,33.253735,82.165627,127.96711699999999,205.938812,115.744026,44.767773,108.868797,84.384552,95.514832,46.783417,0.082235,0.090709,235,235,0.160102,0.172579,220,220,0.272739,0.266183,165,165,0.176861,0.16758299999999998,92,92,0.200626,0.196106,250,250,0.198271,0.199102,130,130,0.15816,0.166246,110,110,0.215039,0.220626,33,33,0.125275,0.12399,44,44,0.155698,0.155698,77,77,0.31483,0.27826,19,19,0.209252,0.206792,235,235,0.185162,0.181661,160,160,0.194285,0.204356,44,44,0.200664,0.171907,145,145,0.151403,0.145512,135,135,0.182874,0.178615,97,97,0.160166,0.161687,160,160,0.193101,0.192463,52,52,0.166311,0.16827899999999998,80,80,0.198365,0.195228,55,55,0.17863099999999998,0.169173,33,33,0.14971700000000002,0.15170699999999998,82,82,0.149455,0.147785,130,130,0.159304,0.160732,210,210,0.17153800000000002,0.164573,115,115,0.17691500000000002,0.186833,45,45,0.163878,0.158797,110,110,0.199735,0.19819,85,85,0.192788,0.225886,95,95,0.516467,0.481339,47,47
2017-11-01,234.35,221.57431,163.132919,93.69873,250.908096,131.658356,109.459305,33.13092,43.5289,78.91791500000001,18.4153,239.22023,159.72081,45.009705,144.22563200000002,134.561569,97.121735,160.27868700000002,52.882481000000006,81.01001,54.135303,33.443432,82.68903399999999,128.952621,205.26286299999998,116.09195700000001,44.730366,109.94779199999999,84.99344599999999,96.70620699999999,47.436878,0.08194,0.093414,235,235,0.172239,0.175579,220,220,0.263097,0.26710100000000003,165,165,0.170246,0.170967,92,92,0.202446,0.19731,250,250,0.204336,0.203538,130,130,0.152693,0.16391,110,110,0.215942,0.22197600000000006,33,33,0.128227,0.12396,44,44,0.129491,0.140639,80,80,0.30891,0.29725300000000004,18,18,0.204088,0.200443,240,240,0.176406,0.180533,160,160,0.200919,0.214455,45,45,0.236369,0.170545,145,145,0.14131400000000002,0.147743,135,135,0.178975,0.182456,97,97,0.164686,0.15578499999999998,160,160,0.20137,0.187261,52,52,0.156567,0.170103,80,80,0.197225,0.197256,55,55,0.205309,0.17043599999999998,33,33,0.160717,0.15217,82,82,0.147764,0.157336,130,130,0.157901,0.158067,210,210,0.17545,0.165919,115,115,0.193955,0.187297,45,45,0.162702,0.161145,110,110,0.20687,0.19893,85,85,0.19453,0.227994,97,97,0.535184,0.535184,47,47
2017-11-02,235.16300780000003,223.54763799999998,164.325455,93.88458299999999,254.91679399999998,131.83226000000002,108.92098200000001,32.73856,43.604939,78.597977,18.341711,241.786194,157.142166,45.385506,143.588913,134.513504,97.76651,161.945358,52.911152,81.85730699999999,54.18444399999999,33.633125,82.3274,130.131317,206.800888,117.38701599999999,44.384342,109.858704,85.82463800000001,96.04216,46.60873,0.084726,0.096074,235,235,0.16528099999999998,0.175153,220,220,0.25394,0.249815,165,165,0.160419,0.153756,95,95,0.198505,0.186158,255,255,0.204222,0.200974,130,130,0.143254,0.15930999999999998,110,110,0.21493,0.21775,33,33,0.139397,0.123369,44,44,0.159051,0.159051,77,77,0.351822,0.310041,18,18,0.197932,0.208696,240,240,0.211191,0.203381,155,155,0.204395,0.203861,45,45,0.168992,0.167614,145,145,0.138922,0.14595,135,135,0.183545,0.183356,97,97,0.15728499999999998,0.160816,160,160,0.184445,0.187926,52,52,0.163294,0.155722,82,82,0.192109,0.189365,55,55,0.152161,0.154597,34,34,0.161536,0.151076,82,82,0.159376,0.158594,130,130,0.158922,0.158937,210,210,0.168357,0.171555,115,115,0.197119,0.198603,44,44,0.161169,0.15866,110,110,0.204071,0.205617,85,85,0.21240100000000006,0.23670500000000005,95,95,0.8170390000000001,0.507207,47,47
2017-11-03,235.39199219999998,223.53804,168.616608,94.324768,254.06266800000003,131.986832,108.599869,32.987377,43.690475,78.268654,18.525681,239.357346,158.764679,44.653175,141.93156399999998,134.657715,97.5933,162.475204,53.57050699999999,81.94495400000001,54.764435,33.718486999999996,82.394028,128.807693,208.534836,117.010101,44.346934999999995,110.23486299999999,86.675148,96.325356,46.039387,0.077162,0.094401,235,235,0.151338,0.17211700000000002,220,220,0.210182,0.209042,170,170,0.153523,0.156197,95,95,0.180318,0.1905,255,255,0.192133,0.194041,130,130,0.14990499999999998,0.155279,110,110,0.216763,0.219546,33,33,0.108454,0.120372,44,44,0.262845,0.15071500000000002,77,77,0.328056,0.28308,19,19,0.199672,0.205127,240,240,0.190698,0.190516,160,160,0.193351,0.204811,45,45,0.164474,0.182018,140,140,0.12601099999999998,0.14246099999999998,135,135,0.17062,0.173447,97,97,0.154176,0.165653,160,160,0.184899,0.192612,52,52,0.148867,0.156436,82,82,0.190389,0.1925,55,55,0.128124,0.154123,34,34,0.145527,0.147372,82,82,0.155579,0.151692,130,130,0.155719,0.166891,210,210,0.169651,0.16458499999999998,115,115,0.178472,0.193139,44,44,0.155167,0.159618,110,110,0.194285,0.19982,87,87,0.196312,0.238146,97,97,1.07138,0.534496,45,45
2017-11-06,235.48400389999998,221.699448,170.327209,94.187813,256.31451400000003,133.030121,110.53596499999999,32.929955,43.215271,78.80499300000001,18.516481,238.466125,158.600494,45.266746999999995,141.238663,134.350067,96.987015,163.843201,53.398502,82.26635,55.088837,33.500336,81.889648,128.92363,207.80011000000002,116.352905,42.579418,110.789207,85.727982,98.27842700000001,45.44416,0.080023,0.092077,235,235,0.16988699999999998,0.172444,220,220,0.209486,0.194575,170,170,0.158806,0.157424,95,95,0.196548,0.186187,255,255,0.192902,0.18697,135,135,0.19226,0.178703,110,110,0.232145,0.224652,33,33,0.123328,0.122942,43,43,0.15708699999999998,0.143894,80,80,0.33099,0.27417600000000003,19,19,0.199965,0.196606,240,240,0.200707,0.203713,160,160,0.203105,0.204953,45,45,0.243756,0.179097,140,140,0.139493,0.14035699999999998,135,135,0.16827,0.171048,97,97,0.145925,0.149963,165,165,0.189462,0.188642,52,52,0.159465,0.15192999999999998,82,82,0.198191,0.19561,55,55,0.15774200000000002,0.153627,34,34,0.150875,0.145302,82,82,0.16386099999999998,0.153239,130,130,0.196749,0.186042,210,210,0.173554,0.164481,115,115,0.194829,0.199324,43,43,0.17086500000000002,0.161063,110,110,0.217809,0.21011,85,85,0.21763,0.24734,97,97,0.5550609999999999,0.5550609999999999,45,45
2017-11-07,235.57199219999998,221.449158,170.874619,93.287903,258.31402599999996,134.092728,110.72483799999999,32.920390999999995,43.661953000000004,78.645042,18.590065,234.86206099999998,158.05964699999998,45.344296,141.71618700000002,134.359695,95.03340899999999,164.51760900000002,53.12138,82.071564,54.21394300000001,33.538277,82.774689,129.194153,208.368286,116.700829,42.616828999999996,110.957474,85.969612,99.22567,46.026443,0.076209,0.095857,235,235,0.155309,0.166734,220,220,0.199507,0.201003,170,170,0.165615,0.168508,92,92,0.193288,0.185292,260,260,0.193436,0.193606,135,135,0.188777,0.188777,110,110,0.236001,0.233598,33,33,0.115427,0.115452,44,44,0.339787,0.163563,77,77,0.291283,0.269206,19,19,0.198905,0.207284,235,235,0.201966,0.200439,160,160,0.203163,0.20683,45,45,0.289221,0.188266,140,140,0.132645,0.136266,135,135,0.17479,0.186822,95,95,0.138824,0.147052,165,165,0.17941600000000002,0.188103,52,52,0.147092,0.159903,82,82,0.194729,0.194397,55,55,0.15449300000000002,0.154311,34,34,0.142542,0.154256,82,82,0.159431,0.157654,130,130,0.189215,0.196732,210,210,0.162687,0.165987,115,115,0.194061,0.195659,43,43,0.165245,0.172445,110,110,0.20560100000000006,0.216796,85,85,0.216912,0.248788,100,100,1.118862,0.561475,45,45
2017-11-08,235.63400389999998,221.237396,172.272415,93.053139,257.77044700000005,132.624374,110.186516,33.016083,43.89006,78.541534,18.507282,236.272354,158.436295,45.266746999999995,141.922195,135.849701,93.965187,163.872131,54.067420999999996,82.353996,54.813591,33.519306,83.34568,129.000931,206.477615,116.24659,42.51395,111.33364099999999,87.235725,98.805756,45.812946000000004,0.075048,0.093151,235,235,0.15421700000000002,0.166923,220,220,0.193173,0.195086,170,170,0.16858099999999998,0.166878,92,92,0.189508,0.180913,260,260,0.187758,0.182565,135,135,0.184612,0.184612,110,110,0.233468,0.239672,33,33,0.100318,0.121387,44,44,0.326072,0.163183,77,77,0.305162,0.279723,19,19,0.205226,0.209589,235,235,0.210326,0.204251,160,160,0.191004,0.20698000000000005,45,45,0.22917,0.183509,140,140,0.143081,0.146956,135,135,0.184369,0.185326,95,95,0.138882,0.145036,165,165,0.167517,0.18139,55,55,0.153557,0.152955,82,82,0.187739,0.208741,55,55,0.157416,0.157416,34,34,0.148807,0.158263,82,82,0.15829400000000002,0.156921,130,130,0.202242,0.196215,210,210,0.170021,0.162778,115,115,0.195576,0.19295,43,43,0.17393599999999998,0.17232,110,110,0.198827,0.209158,87,87,0.230992,0.272246,100,100,0.546035,0.546035,45,45
2017-11-09,234.6190039,219.851212,171.920532,91.70326999999999,256.355499,130.740646,110.72483799999999,32.585438,43.93758,79.01200899999999,18.387703,235.82183799999999,157.682999,44.879021,142.139709,134.917236,93.955551,160.88562,53.713843999999995,81.89625500000001,55.177310999999996,33.691596999999994,83.53600300000001,129.97673,207.25151100000002,114.40064199999999,42.149231,111.006973,87.274384,100.270561,45.437691,0.086247,0.092542,235,235,0.166035,0.168391,220,220,0.197742,0.192704,170,170,0.176673,0.169328,92,92,0.203772,0.196429,255,255,0.205654,0.194146,130,130,0.198496,0.190907,110,110,0.243718,0.239944,33,33,0.147116,0.128307,44,44,0.167705,0.15048699999999998,80,80,0.3657,0.318062,18,18,0.217639,0.216416,235,235,0.220184,0.209799,160,160,0.201517,0.200615,45,45,0.260122,0.189954,140,140,0.155016,0.142482,135,135,0.187785,0.18517,95,95,0.163684,0.159409,160,160,0.203523,0.200554,52,52,0.16001400000000002,0.156675,82,82,0.208874,0.204389,55,55,0.167457,0.157776,34,34,0.175287,0.162592,82,82,0.152054,0.160365,130,130,0.204301,0.193846,210,210,0.16078599999999998,0.159066,115,115,0.248131,0.204463,42,42,0.17391900000000002,0.166993,110,110,0.225679,0.212251,87,87,0.23989,0.257737,100,100,0.8791200000000001,0.5446770000000001,45,45
2017-11-10,234.2219922,218.946381,171.35153200000002,91.478287,254.550171,131.841919,110.668175,32.528023,44.232203999999996,78.765091,18.847626,235.19505299999997,158.494247,44.181118,141.061615,134.157822,93.84008,159.527252,53.016266,81.682007,55.137993,33.672451,83.897636,130.952545,206.77148400000002,114.14936100000001,41.971539,110.749596,87.87359599999999,102.321281,45.269474,0.087431,0.092741,235,235,0.164427,0.16399999999999998,220,220,0.194425,0.194586,170,170,0.169926,0.171159,92,92,0.194297,0.196964,255,255,0.218733,0.20510100000000006,130,130,0.187104,0.186286,110,110,0.239615,0.242075,33,33,0.151317,0.133125,44,44,0.158121,0.150254,80,80,0.344421,0.310191,19,19,0.20879,0.211014,235,235,0.207154,0.209878,160,160,0.201192,0.206077,44,44,0.190833,0.180356,140,140,0.141926,0.1366,135,135,0.18438,0.180459,95,95,0.158944,0.160202,160,160,0.193903,0.195099,52,52,0.158203,0.163957,82,82,0.202145,0.197278,55,55,0.155173,0.15854200000000002,34,34,0.158076,0.140828,85,85,0.171827,0.16423900000000002,130,130,0.20235,0.187684,210,210,0.16093,0.157629,115,115,0.232862,0.203972,42,42,0.168195,0.16283,110,110,0.221164,0.217101,87,87,0.189136,0.199038,100,100,0.9950030000000001,0.548307,45,45
2017-11-13,234.39699219999997,219.687592,170.664841,91.849991,256.082275,131.890198,110.71539299999999,32.489742,44.403282,78.717613,17.495453,235.312561,159.69181799999998,44.345898,140.342865,134.350067,94.17690999999999,161.242081,52.653133,81.740433,54.961048,33.787308,84.697014,128.807693,208.32913200000002,113.14423400000001,41.849964,110.274452,87.941254,102.282219,45.586502,0.092703,0.098737,235,235,0.162187,0.16785,220,220,0.193301,0.197029,170,170,0.172655,0.166405,92,92,0.194695,0.195922,255,255,0.204727,0.204121,130,130,0.17114200000000002,0.182689,110,110,0.270451,0.265376,32,32,0.149087,0.131619,44,44,0.151097,0.16936700000000002,77,77,0.375271,0.298385,17,17,0.217917,0.204146,235,235,0.256091,0.196554,160,160,0.201636,0.202405,44,44,0.183431,0.17746199999999998,140,140,0.136973,0.13602899999999998,135,135,0.188827,0.18613,95,95,0.165849,0.15908599999999998,160,160,0.191433,0.1897,52,52,0.158403,0.162499,82,82,0.184199,0.200523,55,55,0.182985,0.154026,34,34,0.148955,0.148806,85,85,0.164027,0.160078,130,130,0.210454,0.197285,210,210,0.154554,0.155668,115,115,0.211493,0.203532,42,42,0.15923199999999998,0.159067,110,110,0.225086,0.226257,87,87,0.16279000000000002,0.204153,100,100,1.0881020000000001,0.6002529999999999,45,45
2017-11-14,234.095,220.756073,168.084793,91.71305799999999,255.43817099999998,132.865875,110.422623,32.575871,45.078078999999995,78.100319,16.465225,232.345108,162.30908200000002,44.452526,140.80629,134.09053,93.6091,161.95498700000002,52.548027000000005,81.85730699999999,55.029854,33.863884000000006,84.573311,129.329407,207.39846799999998,114.816223,41.354313,110.84858700000001,88.037903,100.749054,44.604256,0.091334,0.098701,234,234,0.16802999999999998,0.169658,220,220,0.198722,0.194477,170,170,0.168126,0.16688599999999998,92,92,0.191877,0.196765,255,255,0.185567,0.182694,135,135,0.18773,0.18773,110,110,0.26138,0.254339,33,33,0.150911,0.127639,45,45,0.183514,0.166973,77,77,0.329844,0.329844,16,16,0.21833200000000005,0.208739,230,230,0.172518,0.186802,160,160,0.206528,0.194599,44,44,0.212962,0.176254,140,140,0.162324,0.137522,135,135,0.197335,0.191827,92,92,0.175112,0.170597,160,160,0.19488,0.186415,52,52,0.15616300000000002,0.155264,82,82,0.200069,0.19033,55,55,0.17017100000000002,0.16006099999999998,34,34,0.153602,0.150547,85,85,0.15962,0.16374,130,130,0.202784,0.202842,210,210,0.169045,0.15931099999999998,115,115,0.21197,0.216034,41,41,0.155631,0.16568,110,110,0.23486,0.221283,87,87,0.161225,0.201801,100,100,1.074047,0.5995520000000001,45,45
2017-11-15,232.7130078,218.89823900000002,165.867737,91.223969,256.511597,129.542786,109.97874499999999,32.64286,44.488819,77.122185,16.79637,232.707458,159.80770900000002,44.064803999999995,139.113464,133.71563700000002,94.494499,161.193893,52.366467,81.221085,55.668827,33.844734,83.964249,129.184479,205.586121,113.62746399999999,41.251438,109.13606999999999,86.820122,101.256866,44.864452,0.106746,0.112114,233,233,0.17724700000000002,0.16835799999999998,220,220,0.204819,0.21650100000000005,165,165,0.198769,0.17936,90,90,0.200009,0.194603,255,255,0.1982,0.19968,130,130,0.187851,0.187851,110,110,0.247705,0.263371,33,33,0.144257,0.14431300000000002,44,44,0.165414,0.159055,77,77,0.311472,0.271563,17,17,0.213437,0.198464,235,235,0.167352,0.174174,160,160,0.181708,0.201882,44,44,0.178612,0.176239,140,140,0.132351,0.139889,135,135,0.212622,0.17691700000000002,95,95,0.168308,0.172832,160,160,0.187543,0.189308,52,52,0.148829,0.176836,80,80,0.208452,0.197225,55,55,0.16836600000000002,0.16125499999999998,34,34,0.150146,0.149926,85,85,0.172239,0.155361,130,130,0.202632,0.198074,210,210,0.16903800000000002,0.15549100000000002,115,115,0.225609,0.214493,41,41,0.16206900000000002,0.159228,110,110,0.232613,0.222182,87,87,0.163698,0.198634,100,100,1.141341,0.600622,45,45
2017-11-16,234.5840039,220.842712,167.84938,91.51741,257.331329,131.725998,109.21613300000001,34.336731,44.241718,76.504898,16.787172,234.43112200000002,161.76826499999999,44.248974,141.023773,133.494537,94.763947,161.935715,52.720024,81.436417,56.258635999999996,34.036171,84.934937,126.38263700000002,206.830292,114.619171,41.868671,110.093002,96.282089,101.168968,45.976795,0.086101,0.093024,235,235,0.15196099999999998,0.16631300000000002,220,220,0.193183,0.178787,170,170,0.154678,0.157332,92,92,0.185353,0.184407,255,255,0.193014,0.195727,130,130,0.148282,0.168188,110,110,0.224258,0.177063,34,34,0.111026,0.133331,44,44,0.131145,0.14608800000000002,77,77,0.305026,0.253852,17,17,0.195188,0.192297,235,235,0.1572,0.166252,160,160,0.186375,0.187555,44,44,0.152634,0.17924600000000002,140,140,0.091157,0.129558,135,135,0.175592,0.180572,95,95,0.14615899999999998,0.171451,160,160,0.181745,0.17989000000000002,52,52,0.146793,0.1519,82,82,0.174675,0.176278,57,57,0.15728599999999998,0.15496,34,34,0.154354,0.15668,85,85,0.197816,0.173214,125,125,0.176017,0.179056,210,210,0.159297,0.152565,115,115,0.224238,0.209055,42,42,0.151726,0.149541,110,110,0.189428,0.191735,97,97,0.15416,0.195761,100,100,0.6206520000000001,0.6206520000000001,45,45
2017-11-17,233.58199219999997,220.78495800000002,166.917419,91.644577,255.926117,131.503799,109.349579,34.355872999999995,43.443366999999995,76.201004,16.750378,233.108994,162.000046,43.260277,140.881927,132.65820300000001,94.446373,160.615875,52.748703000000006,80.65338100000001,58.185368000000004,33.854309,84.154579,125.52276599999999,205.62532,113.29688999999999,42.476547,108.90303,94.20414699999999,101.012726,46.015823,0.089502,0.092714,234,234,0.180556,0.164549,220,220,0.187189,0.195962,165,165,0.153889,0.15069200000000002,92,92,0.178032,0.174622,255,255,0.198085,0.191395,130,130,0.17133199999999998,0.165581,110,110,0.182034,0.171516,34,34,0.140552,0.140552,43,43,0.273641,0.176921,75,75,0.308647,0.222569,17,17,0.188589,0.191462,235,235,0.114108,0.165529,160,160,0.199908,0.192522,43,43,0.163106,0.17008299999999998,140,140,0.115779,0.122475,135,135,0.161329,0.175646,95,95,0.162961,0.160906,160,160,0.174958,0.178332,52,52,0.155367,0.155117,80,80,0.179586,0.183363,57,57,0.15834,0.151607,34,34,0.157676,0.143204,85,85,0.172947,0.165497,125,125,0.164934,0.152574,210,210,0.149509,0.14457,115,115,0.228173,0.212043,42,42,0.148298,0.146448,110,110,0.17978,0.177774,95,95,0.154513,0.189239,100,100,0.853877,0.632621,45,45
2017-11-20,234.30300780000002,222.835327,166.750641,91.898895,258.23889199999996,132.25730900000002,109.35911599999999,34.930061,43.205760999999995,76.495407,16.538815,233.216736,164.617294,43.250584,142.338303,132.590912,95.28362299999999,160.81819199999998,51.697544,80.780617,58.244354,33.835167,84.002319,125.377831,205.968185,113.15106200000001,43.206001,109.031944,94.213806,100.338921,46.087376,0.084237,0.090827,234,234,0.164819,0.165507,222,222,0.184173,0.18347,167,167,0.151087,0.161127,92,92,0.174011,0.178358,257,257,0.182863,0.189573,132,132,0.171985,0.170438,109,109,0.155338,0.160246,35,35,0.17642,0.164729,43,43,0.213085,0.16381400000000002,76,76,0.303593,0.261588,16,16,0.187188,0.190179,232,232,0.159473,0.151601,165,165,0.179343,0.177467,43,43,0.21697800000000006,0.160998,142,142,0.096641,0.131194,133,133,0.182073,0.178495,95,95,0.16549,0.163399,160,160,0.184221,0.194703,51,51,0.148411,0.145726,81,81,0.180562,0.177015,58,58,0.163168,0.15432,34,34,0.15546400000000002,0.152763,84,84,0.177057,0.166553,125,125,0.181916,0.180706,205,205,0.172049,0.15576900000000002,113,113,0.236026,0.206633,43,43,0.140291,0.140981,109,109,0.196895,0.17916600000000002,94,94,0.162708,0.183509,100,100,0.64479,0.671347,45,45
2017-11-21,235.9080078,225.33810400000002,169.850601,92.348862,260.54187,132.92385900000002,109.788078,35.073608,43.509888000000004,76.79929399999999,16.400835,233.108994,166.944839,43.560759999999995,143.700119,132.985031,95.206642,162.138016,51.860001000000004,81.945396,58.381977,34.017025,84.430557,126.208748,208.270355,113.79274699999999,43.187294,110.519424,93.285965,100.583054,46.354079999999996,0.071383,0.08029700000000001,236,236,0.176265,0.163997,225,225,0.172602,0.172689,170,170,0.141742,0.15125,92,92,0.162643,0.168728,260,260,0.180004,0.182124,133,133,0.167077,0.156142,110,110,0.14463099999999998,0.163847,35,35,0.178331,0.134798,43,43,0.220811,0.151633,77,77,0.2846,0.246094,16,16,0.190746,0.186196,232,232,0.1198,0.151945,167,167,0.161661,0.175591,43,43,0.205067,0.15521300000000002,144,144,0.131356,0.130046,133,133,0.192761,0.174249,95,95,0.152005,0.154409,162,162,0.180368,0.186767,52,52,0.13788499999999998,0.13841099999999998,82,82,0.162161,0.175724,58,58,0.148222,0.147601,34,34,0.183877,0.15118800000000002,84,84,0.163962,0.16353800000000002,125,125,0.17636500000000002,0.176357,207,207,0.159101,0.144067,114,114,0.21434,0.19856,43,43,0.13161,0.135639,111,111,0.156833,0.181491,93,93,0.132106,0.186533,101,101,0.82106,0.6178779999999999,47,47
2017-11-22,235.26199219999998,224.04653900000002,171.636032,91.771736,258.746307,133.319946,110.49351499999999,34.88221,43.566921,77.017708,16.695189000000003,231.551804,166.172226,43.279666999999996,143.529892,131.975677,94.927544,162.86056499999998,51.955559,81.34833499999999,58.067406000000005,33.911739000000004,84.05941800000001,125.609703,206.918427,113.49136399999999,44.047672,109.89468400000001,93.179665,100.32914699999999,45.924759,0.078374,0.081104,235,235,0.167569,0.161752,225,225,0.16309300000000002,0.16386199999999998,172,172,0.154597,0.148259,92,92,0.17294,0.17286,257,257,0.191911,0.178356,133,133,0.184241,0.167803,110,110,0.15937,0.16105799999999998,35,35,0.186686,0.135383,43,43,0.145677,0.162645,77,77,0.291912,0.2606,16,16,0.187676,0.184444,232,232,0.160251,0.154204,165,165,0.174871,0.172155,43,43,0.153313,0.153313,144,144,0.139015,0.127699,132,132,0.17268599999999998,0.175306,95,95,0.172427,0.149798,162,162,0.186891,0.182214,52,52,0.138463,0.141422,81,81,0.182176,0.177548,58,58,0.160409,0.14618599999999998,34,34,0.162273,0.155371,84,84,0.173948,0.162618,125,125,0.197648,0.17813199999999998,207,207,0.153859,0.150922,113,113,0.26629,0.194763,44,44,0.137677,0.135053,110,110,0.19163,0.182309,93,93,0.139203,0.177825,100,100,1.20945,0.695121,45,45
2017-11-24,235.58,223.853058,171.645859,91.439163,259.458679,132.72096299999998,111.065475,34.920494,43.604939,77.321609,16.731981,231.081696,166.432968,43.376598,143.59608500000002,132.667816,94.619598,162.918381,51.936443,81.495148,58.313168000000005,33.96917,84.17360699999999,125.435822,208.182159,113.66635900000001,43.963505,111.03508799999999,93.382607,100.231499,46.289028,0.078349,0.085021,236,236,0.158459,0.166931,225,225,0.162712,0.16176500000000002,172,172,0.166729,0.150949,91,91,0.159055,0.169949,260,260,0.176932,0.17144600000000002,133,133,0.183581,0.16865,111,111,0.152097,0.155534,35,35,0.166408,0.149066,43,43,0.176976,0.165259,77,77,0.312164,0.2635,16,16,0.176977,0.195758,230,230,0.153319,0.146318,167,167,0.1794,0.177026,43,43,0.253316,0.160389,144,144,0.180173,0.125753,133,133,0.16565,0.174528,94,94,0.165744,0.151228,162,162,0.19286,0.189352,52,52,0.14242,0.140842,81,81,0.176729,0.184292,58,58,0.183567,0.154071,34,34,0.182229,0.15806199999999998,84,84,0.163596,0.165866,125,125,0.194085,0.188,207,207,0.150896,0.149025,114,114,0.200729,0.202432,44,44,0.139199,0.138232,111,111,0.186979,0.184547,93,93,0.128321,0.180733,100,100,0.8153699999999999,0.698217,47,47
2017-11-27,235.8080078,226.38781699999998,170.782547,91.42939,259.165924,132.527802,110.188461,35.284141999999996,43.623943,77.027206,16.667589000000003,230.25903300000002,168.200378,43.124577,143.7285,133.567322,94.24427,162.773849,52.127559999999995,82.092224,58.61790799999999,33.96917,84.658951,126.063797,208.074402,113.870529,44.571388,111.44165,93.382607,100.377983,45.619021999999994,0.08076599999999999,0.08118,236,236,0.194553,0.171076,227,227,0.184925,0.17271199999999998,170,170,0.16999,0.157094,91,91,0.181333,0.16577,260,260,0.195886,0.184622,133,133,0.165891,0.179904,110,110,0.181654,0.159315,35,35,0.239432,0.14944000000000002,43,43,0.18894,0.167746,77,77,0.332376,0.248636,16,16,0.196857,0.19276,230,230,0.183383,0.162793,167,167,0.193437,0.186914,43,43,0.243377,0.163153,144,144,0.137375,0.129468,134,134,0.192655,0.17572000000000002,94,94,0.205391,0.153813,162,162,0.17941,0.19909,52,52,0.147514,0.141556,82,82,0.183705,0.177806,58,58,0.186378,0.152249,34,34,0.188633,0.157003,84,84,0.2122,0.170599,125,125,0.216138,0.185179,207,207,0.15257,0.154801,114,114,0.232631,0.198701,45,45,0.145578,0.148145,111,111,0.178885,0.180337,93,93,0.12838,0.185587,100,100,1.369061,0.7429479999999999,45,45
2017-11-28,238.36699219999997,227.964798,169.781952,93.199867,261.517731,134.266617,111.00827,36.107155,43.557419,77.559021,16.934347,234.470322,170.527893,43.357208,144.191895,135.424271,97.545174,165.06672700000001,52.490692,83.080803,58.568748,34.31374,85.07769,128.508163,211.738235,114.44416799999999,45.656208,112.413475,93.52758,100.983429,46.243496,0.07935,0.08781599999999999,238,238,0.197511,0.18169,227,227,0.173229,0.184177,170,170,0.150205,0.162307,93,93,0.16135,0.166018,262,262,0.18994,0.190488,134,134,0.1766,0.17683800000000002,111,111,0.181332,0.182254,36,36,0.149842,0.149842,43,43,0.174769,0.177152,77,77,0.295509,0.24489,17,17,0.212803,0.194779,235,235,0.185957,0.186327,170,170,0.16867200000000002,0.181157,43,43,0.307724,0.16453800000000002,144,144,0.136238,0.14261300000000002,135,135,0.202022,0.193558,97,97,0.16078499999999998,0.16078499999999998,165,165,0.212033,0.197432,52,52,0.151617,0.155805,83,83,0.1656,0.176018,58,58,0.169494,0.160773,34,34,0.123151,0.160938,85,85,0.14621900000000002,0.15589,130,130,0.17282999999999998,0.167125,212,212,0.164217,0.157589,114,114,0.197559,0.208487,46,46,0.166224,0.168954,112,112,0.176743,0.181284,93,93,0.145226,0.18461,101,101,0.8977440000000001,0.818916,45,45
2017-11-29,239.4069922,230.26734900000002,166.260147,94.491058,262.79608199999996,133.36821,111.704155,35.867915999999994,43.243778000000006,78.128822,16.998735,237.12291000000002,172.051834,42.601147,145.213257,135.221176,99.82599599999999,164.190033,52.901592,81.57345600000001,59.33551800000001,34.65831,85.058647,129.97673,218.340973,114.88168300000001,46.666222,108.94270300000001,94.291115,102.770485,46.692341,0.106238,0.108566,239,239,0.201531,0.193351,230,230,0.218746,0.215504,167,167,0.198852,0.185219,94,94,0.188817,0.181483,262,262,0.213095,0.207201,133,133,0.179355,0.17993599999999998,112,112,0.202916,0.192337,36,36,0.162029,0.162029,43,43,0.183028,0.18646,78,78,0.268662,0.246152,17,17,0.21436,0.214617,237,237,0.192569,0.175762,172,172,0.220299,0.204892,42,42,0.286044,0.202333,145,145,0.143482,0.149542,135,135,0.233158,0.214707,100,100,0.144554,0.168071,165,165,0.19981,0.1983,53,53,0.193236,0.183768,81,81,0.184286,0.186121,59,59,0.194621,0.179302,34,34,0.15546400000000002,0.165251,85,85,0.172922,0.171487,130,130,0.23953,0.228677,217,217,0.163895,0.16158699999999998,115,115,0.258352,0.236996,47,47,0.199451,0.242181,109,109,0.19265,0.187579,94,94,0.15546500000000002,0.20169,103,103,0.767994,0.767994,47,47
2017-11-30,242.72400389999999,235.230484,168.58511399999998,95.576813,270.114929,136.35321000000002,113.429573,35.695652,43.857033,79.097473,16.823965,243.292679,174.546463,43.463837,145.610443,134.756912,100.58624300000001,166.661301,52.81559,82.385864,59.394489,34.706173,85.63915300000001,130.981552,224.277954,118.08039099999999,47.592056,111.649902,93.972176,102.360344,46.809425,0.12179,0.115814,243,243,0.228548,0.211563,235,235,0.216364,0.200617,167,167,0.190786,0.187604,95,95,0.188475,0.181359,270,270,0.202671,0.216665,136,136,0.195152,0.184249,113,113,0.219692,0.205409,35,35,0.171444,0.15299300000000002,44,44,0.190186,0.173403,79,79,0.298344,0.256309,17,17,0.247162,0.217736,242,242,0.193878,0.19883,175,175,0.208094,0.199798,43,43,0.244661,0.198377,146,146,0.166641,0.143119,135,135,0.240906,0.210732,101,101,0.16633499999999998,0.160983,167,167,0.219419,0.197338,53,53,0.177884,0.171311,82,82,0.195747,0.184932,59,59,0.194463,0.180266,34,34,0.180771,0.15893800000000002,85,85,0.16070299999999998,0.181695,130,130,0.238011,0.213312,225,225,0.192831,0.171022,118,118,0.233768,0.23654,48,48,0.127395,0.267468,112,112,0.187325,0.191947,94,94,0.188934,0.169142,102,102,0.896288,0.797289,47,47
2017-12-01,242.3159961,233.305237,167.800308,95.723534,264.825836,136.710632,113.925278,35.982746,44.048671999999996,79.25891899999999,16.446829,244.579666,175.12884499999998,43.308746,146.357559,135.38558999999998,100.846085,167.533554,53.388946999999995,82.473946,59.059158,34.792316,85.99128,131.599884,222.911652,116.7873,47.92873,109.805435,94.08815,102.78025799999999,46.19146,0.119026,0.125532,242,242,0.245075,0.230033,232,232,0.21542600000000006,0.210268,167,167,0.189521,0.198706,95,95,0.222731,0.213599,265,265,0.225644,0.220286,137,137,0.170495,0.188557,114,114,0.211302,0.203496,36,36,0.16361099999999998,0.16361099999999998,44,44,0.152596,0.17703,79,79,0.402463,0.254939,16,16,0.219395,0.246887,245,245,0.201954,0.203867,175,175,0.201964,0.209614,43,43,0.259533,0.2032,146,146,0.144681,0.162504,135,135,0.23544,0.243783,101,101,0.180643,0.175042,167,167,0.157752,0.203596,53,53,0.167631,0.175125,82,82,0.207438,0.188365,59,59,0.136953,0.177707,35,35,0.167247,0.167247,86,86,0.168175,0.190392,130,130,0.202795,0.21120300000000006,222,222,0.137416,0.17943,117,117,0.251164,0.259434,48,48,0.218928,0.225008,110,110,0.146866,0.191398,94,94,0.19511,0.18145,103,103,1.5841889999999998,0.900285,45,45
2017-12-04,242.9,231.4767,166.574081,96.43759200000001,271.256683,136.691299,115.193123,36.097590999999994,44.297802000000004,79.36338,16.511217000000002,246.24981699999998,179.47749299999998,43.124577,147.96528600000002,134.44743300000002,102.924797,165.38206499999998,53.723408,79.361351,59.276138,34.514744,86.990509,131.744797,217.643097,116.70951799999999,48.368275,106.53298999999998,93.759552,107.633629,46.92001,0.140994,0.123928,243,243,0.271575,0.245673,232,232,0.258831,0.247725,167,167,0.226079,0.2034,96,96,0.244983,0.225478,272,272,0.264966,0.248158,137,137,0.26681,0.197162,115,115,0.230071,0.232872,36,36,0.204125,0.15780999999999998,44,44,0.313238,0.200944,79,79,0.341687,0.299667,16,16,0.267727,0.26515500000000003,245,245,0.310804,0.295596,180,180,0.27763000000000004,0.2334,43,43,0.280177,0.22158200000000006,148,148,0.203353,0.176525,134,134,0.28523200000000004,0.244233,103,103,0.201248,0.193079,165,165,0.304028,0.292663,53,53,0.264771,0.245742,79,79,0.228549,0.220256,59,59,0.208421,0.202189,34,34,0.238944,0.182475,87,87,0.274276,0.207644,130,130,0.263891,0.226772,217,217,0.227428,0.195877,117,117,0.285315,0.284194,48,48,0.261419,0.251794,107,107,0.205374,0.200703,94,94,0.28447,0.25461,108,108,1.37867,0.9353239999999999,47,47
2017-12-05,241.80599610000002,230.509232,166.417099,96.55499300000001,268.88537599999995,135.377533,114.76416,35.705223,44.326546,78.717613,16.336448999999998,243.97056600000002,177.48761000000002,42.1068,146.91554299999999,135.085754,101.741089,167.64984099999998,53.293388,79.860535,59.591747,34.103168,86.980988,130.740005,216.33577000000002,116.952583,47.620117,107.67338600000001,94.55207800000001,104.704025,46.536221000000005,0.11921099999999997,0.111815,242,242,0.274196,0.259695,230,230,0.226939,0.21314,167,167,0.209942,0.194759,96,96,0.228185,0.21195,270,270,0.254783,0.233678,135,135,0.208436,0.191193,115,115,0.254323,0.22385,35,35,0.132389,0.162851,44,44,0.146334,0.192556,78,78,0.36079,0.278428,16,16,0.238345,0.237165,245,245,0.26829200000000003,0.261933,177,177,0.250794,0.227319,42,42,0.234297,0.216142,147,147,0.210372,0.16208699999999998,135,135,0.248395,0.251538,102,102,0.206282,0.178801,167,167,0.238865,0.254235,53,53,0.223206,0.204943,80,80,0.185977,0.20865100000000006,59,59,0.224994,0.205829,34,34,0.15166400000000002,0.170752,87,87,0.16885999999999998,0.200058,130,130,0.226482,0.218264,217,217,0.211035,0.195626,117,117,0.263906,0.263906,47,47,0.227699,0.226381,108,108,0.213605,0.195259,94,94,0.215754,0.20291,105,105,0.964147,0.964147,47,47
2017-12-06,241.4090039,230.90589900000003,165.79908799999998,96.065903,271.549469,135.570755,114.020599,35.800919,44.50861,78.138313,16.359423,241.632339,175.497726,42.116489,145.733398,136.43014499999998,100.98082,168.12471000000002,51.936443,81.025314,58.90135600000001,34.036171,86.83824200000001,130.778641,216.188354,117.83733400000001,47.395672,108.82370800000001,94.02050799999999,102.985321,46.236992,0.116834,0.107319,241,241,0.296579,0.258783,230,230,0.234524,0.230406,165,165,0.196656,0.187717,96,96,0.24111,0.213625,272,272,0.241932,0.220227,136,136,0.202851,0.191419,114,114,0.193756,0.204195,36,36,0.181009,0.160099,44,44,0.200837,0.20015,78,78,0.3404,0.2729,16,16,0.218738,0.22965,242,242,0.235249,0.221417,175,175,0.218174,0.24047800000000005,42,42,0.328033,0.206668,146,146,0.185477,0.166427,136,136,0.253539,0.25008400000000003,101,101,0.19457,0.184447,167,167,0.341952,0.335687,52,52,0.186996,0.189529,81,81,0.194062,0.194898,59,59,0.220689,0.197655,34,34,0.170793,0.170793,87,87,0.231467,0.195243,130,130,0.225297,0.220813,215,215,0.196913,0.189222,118,118,0.251344,0.251344,47,47,0.219929,0.194919,109,109,0.18968,0.183191,94,94,0.231365,0.222669,103,103,1.124557,1.124557,45,45
2017-12-07,242.115,232.48288,166.103195,96.42783399999999,275.160095,138.03405800000002,114.03966499999999,35.791354999999996,43.866608,78.39473000000001,16.405737,244.19650299999998,176.662521,41.757851,145.232178,135.414597,100.682487,167.572311,52.337790999999996,80.741463,59.769287,33.978741,85.743843,129.667587,216.39474500000003,119.004044,47.152519,110.46984099999999,94.03020500000001,102.790024,46.425636,0.099841,0.101711,242,242,0.244938,0.246222,232,232,0.234483,0.212637,165,165,0.165275,0.180805,96,96,0.254825,0.23926,275,275,0.223712,0.212779,138,138,0.182029,0.182029,114,114,0.219789,0.20035,36,36,0.167186,0.167186,44,44,0.131157,0.174893,78,78,0.359997,0.275582,16,16,0.197451,0.227267,245,245,0.199178,0.206023,177,177,0.207762,0.21722600000000006,42,42,0.211621,0.211621,145,145,0.175102,0.163976,135,135,0.192944,0.218691,101,101,0.173095,0.173095,167,167,0.228171,0.228171,52,52,0.182951,0.19163,80,80,0.193115,0.196679,60,60,0.141915,0.188654,34,34,0.170776,0.170776,85,85,0.192381,0.192381,130,130,0.194545,0.200595,217,217,0.187413,0.191922,119,119,0.242695,0.269398,47,47,0.18367,0.190685,110,110,0.187951,0.174016,94,94,0.144895,0.252648,103,103,1.10768,1.10768,47,47
2017-12-08,243.29199219999998,230.383469,166.152222,96.398476,278.99517799999995,138.971115,114.316116,35.992321000000004,43.41626,78.499191,16.405737,245.955093,178.031174,42.019562,146.404846,135.975571,101.94319200000001,167.804886,53.102268,82.376076,60.45969,34.208453999999996,86.000786,129.920105,220.09062200000002,119.40266399999999,47.779102,111.65981299999999,93.80675500000001,102.60298900000001,46.009319,0.085776,0.089995,243,243,0.249872,0.25045700000000004,230,230,0.1485,0.216197,165,165,0.134629,0.175752,96,96,0.220487,0.210794,280,280,0.16983299999999998,0.201893,139,139,0.183421,0.183421,114,114,0.183064,0.21682,36,36,0.174949,0.174949,43,43,0.190976,0.190976,78,78,0.310069,0.310069,16,16,0.194564,0.219818,245,245,0.151545,0.206943,177,177,0.22729,0.217038,42,42,0.402535,0.229618,146,146,0.14198,0.154529,136,136,0.191486,0.223568,102,102,0.176814,0.176814,167,167,0.24857,0.24857,53,53,0.160574,0.173688,82,82,0.176963,0.183984,60,60,0.218056,0.215658,34,34,0.173965,0.173965,86,86,0.13476,0.185555,130,130,0.15120699999999998,0.185406,220,220,0.105024,0.184997,119,119,0.247319,0.252045,48,48,0.159381,0.174024,112,112,0.120651,0.164385,94,94,0.187173,0.199988,103,103,1.263058,1.263058,45,45
2017-12-11,243.86,231.515411,169.389542,96.838654,276.32135,138.884201,114.792755,36.327259000000005,43.435425,78.850571,16.350158999999998,245.73895299999998,176.905182,42.320045,146.97226,136.507523,101.644852,167.901794,53.838074,83.423393,61.061325,34.65831,85.867554,129.347,218.97007799999997,119.879066,48.480492,111.43173200000001,94.17596400000001,105.162399,46.061363,0.10152,0.100915,244,244,0.307849,0.30254699999999995,232,232,0.201812,0.197311,170,170,0.184895,0.193186,97,97,0.238847,0.246747,277,277,0.245424,0.226417,139,139,0.215838,0.215838,115,115,0.201287,0.232023,36,36,0.267409,0.205661,43,43,0.297081,0.233443,79,79,0.39412,0.39412,16,16,0.233052,0.249682,245,245,0.211287,0.218539,177,177,0.12261,0.221668,42,42,0.265513,0.265513,147,147,0.156113,0.156113,137,137,0.21822,0.241891,102,102,0.20544,0.20544,167,167,0.276309,0.214594,54,54,0.183763,0.187622,83,83,0.225089,0.205281,61,61,0.276242,0.289928,34,34,0.22365,0.22365,86,86,0.181225,0.210416,130,130,0.202692,0.213984,220,220,0.20732,0.190281,120,120,0.337139,0.337139,48,48,0.177584,0.18863,111,111,0.24187,0.190412,94,94,0.22383000000000006,0.252967,105,105,1.604441,1.604441,45,45
2017-12-12,245.04800780000002,228.88391099999998,168.437973,97.200577,282.937592,138.546066,114.087341,36.279410999999996,43.397090999999996,78.594154,16.591009,253.15640299999998,176.46843,42.000175,148.230072,137.919586,102.82854499999999,166.913284,54.53566,83.765968,61.317764000000004,35.012459,85.50591999999999,130.50294499999998,218.694839,120.05407,49.743008,112.512642,93.952477,105.753029,46.048347,0.121594,0.108491,245,245,0.243434,0.259383,230,230,0.222873,0.226238,167,167,0.221317,0.203552,97,97,0.276482,0.25350300000000003,282,282,0.246166,0.235958,139,139,0.280588,0.236783,114,114,0.286381,0.228262,36,36,0.233097,0.233097,43,43,0.267516,0.267516,78,78,0.580392,0.493192,16,16,0.311634,0.28189699999999995,252,252,0.263799,0.198083,177,177,0.262894,0.246605,42,42,0.481786,0.298671,148,148,0.31919899999999995,0.188775,138,138,0.313927,0.278233,103,103,0.091376,0.198976,167,167,0.249944,0.249944,54,54,0.205546,0.188514,84,84,0.226208,0.209076,61,61,0.385112,0.296509,35,35,0.392501,0.27774,85,85,0.202374,0.236051,130,130,0.279366,0.253977,217,217,0.247942,0.212288,120,120,0.440853,0.413096,49,49,0.21567,0.198894,113,113,0.19004,0.191307,94,94,0.294348,0.283202,106,106,1.9947529999999998,1.9947529999999998,45,45
2017-12-13,245.85400389999998,231.331573,168.997131,95.64529399999999,284.791687,143.521072,114.325653,36.50909,43.981594,78.936035,16.452057,251.07363900000001,177.662308,42.009869,145.55371100000002,138.200089,101.53899399999999,168.19253500000002,54.382759,83.540848,63.41857099999999,35.069889,86.486122,129.73555,220.52311699999998,120.85133400000001,49.462452,112.36389199999999,94.98236800000001,105.930222,45.898731,0.14113399999999998,0.108908,246,246,0.270464,0.244198,232,232,0.216588,0.184991,170,170,0.359078,0.218765,95,95,0.29423,0.277095,285,285,0.301341,0.308294,144,144,0.428475,0.300523,114,114,0.317038,0.317038,36,36,0.448499,0.266271,44,44,0.578186,0.316479,79,79,0.624628,0.552894,16,16,0.325798,0.244071,250,250,0.289456,0.244711,177,177,0.326479,0.252029,42,42,0.621053,0.341156,146,146,0.390357,0.234286,138,138,0.465505,0.278907,102,102,0.258343,0.258343,167,167,0.5424859999999999,0.2986,54,54,0.194396,0.213668,83,83,0.24358,0.233321,63,63,0.517228,0.373539,35,35,0.5821430000000001,0.323257,86,86,0.33603,0.265823,130,130,0.237224,0.243525,220,220,0.22974,0.22974,121,121,0.947425,0.4239060000000001,49,49,0.218943,0.22237,112,112,0.281679,0.220743,95,95,0.338004,0.337365,106,106,2.351208,2.351208,45,45
2017-12-14,245.08699219999997,230.335098,168.948074,95.029045,286.78244,141.30883799999998,113.944344,36.269847999999996,44.106159000000005,78.72711899999999,16.340895,250.99502599999997,176.78874199999998,41.932320000000004,145.638824,137.00076299999998,100.720985,167.795197,53.977993000000005,82.89484399999999,63.645408999999994,34.897602,86.60032700000001,128.783615,217.475967,120.32630900000001,48.948097,111.97714199999999,94.37026999999999,108.844017,45.742615,0.14113399999999998,0.108908,246,246,0.484433,0.372795,230,230,0.242868,0.213321,170,170,0.4214810000000001,0.255737,95,95,0.433723,0.260851,287,287,0.453921,0.454657,141,141,0.693503,0.367367,114,114,0.520388,0.392453,36,36,0.630005,0.397679,44,44,0.6120479999999999,0.475425,78,78,0.8688809999999999,0.6418520000000001,16,16,0.46745,0.244882,250,250,0.394289,0.27131,177,177,0.389238,0.314126,42,42,0.75684,0.512364,146,146,0.496257,0.30606300000000003,137,137,0.531887,0.354558,101,101,0.4908810000000001,0.318852,167,167,0.606437,0.384038,54,54,0.391091,0.260572,83,83,0.35591100000000003,0.251684,63,63,0.665606,0.422967,35,35,0.660366,0.440762,86,86,0.238,0.27563200000000004,130,130,0.30030500000000004,0.283383,217,217,0.376444,0.354454,120,120,0.889007,0.543792,49,49,0.489328,0.227763,112,112,0.492674,0.289511,94,94,0.365476,0.29735900000000004,109,109,2.351208,2.351208,45,45
